condition,prompt_index,n_tokens,title
independentJ,0,464,WiFi
independentJ,1,452,Dishwasher
independentJ,2,436,Kitchen Scale
independentJ,3,450,Ceiling Fan
independentJ,4,454,Thermostat
independentJ,5,424,File a tax return
independentJ,6,462,Renew License
independentJ,7,442,Register Vehicle 
independentJ,8,456,Library Card
independentJ,9,459,Payment deposit
independentJ,10,478,Water Filter 
independentJ,11,458,Read Nutr Label
independentJ,12,445,How to Recycle 
independentJ,13,483,HVAC system 
independentJ,14,482,Bus Schedule 
independentJ,15,507,The water cycle
independentJ,16,473,Sedimentary Rocks
independentJ,17,399,Tides Work
independentJ,18,496,Insect life
independentJ,19,477,Photosyntesis Story
