run_label,condition,n_prompts,total_ms,dur_s,mode,tlb:tlb_flush__mean_rate,tlb:tlb_flush__variance,tlb:tlb_flush__p90_p10,tlb:tlb_flush__slope,tlb:tlb_flush__spectral_entropy,tlb:tlb_flush__iat_cv,tlb:tlb_flush__burst_rate,tlb:tlb_flush__burst_clustering,tlb:tlb_flush__perm_entropy,instructions__mean_rate,instructions__variance,instructions__p90_p10,instructions__slope,instructions__spectral_entropy,instructions__iat_cv,instructions__burst_rate,instructions__burst_clustering,instructions__perm_entropy,cycles__mean_rate,cycles__variance,cycles__p90_p10,cycles__slope,cycles__spectral_entropy,cycles__iat_cv,cycles__burst_rate,cycles__burst_clustering,cycles__perm_entropy,core_power.throttle__mean_rate,core_power.throttle__variance,core_power.throttle__p90_p10,core_power.throttle__slope,core_power.throttle__spectral_entropy,core_power.throttle__iat_cv,core_power.throttle__burst_rate,core_power.throttle__burst_clustering,core_power.throttle__perm_entropy
222_J_1,joy,20,1153068.329485,1153.068329485,whole_trace,12296.541876518904,3754671.7668500734,10.0,-0.0016276928031414522,0.955464994563953,0.026129910921692732,0.02254853362559398,0.18398042479476157,0.8637201065444862,97125971468.0585,6.188273886683539e+18,2164006594.6999993,-1614.5717924788362,0.7537439697515106,,3.9373208715460253,0.5484788826072032,0.9948352951252418,125691145523.832,2.775450191114338e+18,1236788134.3999996,-1202.2957033669488,0.8474022933399445,,4.011904482769144,0.2959156932810418,0.9944228977774932,1254113219.8122797,53858070713456.76,14169218.100000001,8.832893563274542,0.9301061143122612,0.16161480376292361,4.982358679962977,0.16785643861556274,0.9992062579440402
222_J_2,joy,20,1151359.693184,1151.359693184,whole_trace,11671.161566233939,1572891.5862728325,12.0,-0.0010703224746003467,0.959096356536511,0.04107821830009297,0.03300445571002561,0.1387058281157385,0.8680547154721269,97274351684.081,6.214037868830886e+18,2152341238.200001,-1634.5282695434155,0.7528134725987718,,3.95011222550517,0.5463628616424675,0.9955698950785163,125934634500.77284,2.807649664192061e+18,1229087841.4000003,-1709.634280376732,0.8467430875172445,,3.9726942215172927,0.2958968006505925,0.9953380670714465,1271902245.3385208,54661391342225.58,14480793.20000001,15.078274064220432,0.9287524630810507,0.14910782726302374,5.014071652999417,0.16531787306241683,0.9993637914552603
222_J_3,joy,20,1153337.81619,1153.33781619,whole_trace,11513.65784906545,951778.6862904702,10.0,-0.0010947239834895508,0.9447753957735407,0.02955473932838379,0.04595357860985009,0.13011304876212965,0.8587076403893195,97072570979.88211,6.231700361883594e+18,2192465389.800002,-1781.6853046044107,0.7505450380181162,,3.9442043225699632,0.5464993939429454,0.994884921030268,127050435140.21257,2.7851999166989507e+18,1221796058.400001,-1339.6639886195933,0.848556820373563,,3.9719498794664765,0.29086310165856477,0.9943675694650134,1245586042.8887026,54357528231208.93,14365519.799999999,6.243364982235913,0.9314883683523814,0.17266561359251834,5.0392867713292215,0.16756185360617895,0.9991465062885931
229_J_1,joy,20,1150339.864901,1150.3398649009998,whole_trace,12169.463501297314,3389808.8541265884,12.0,-0.0015424698603622386,0.9512734698447081,0.030662687144727394,0.016516857825869723,0.1752601378710894,0.8639450844253836,97382505713.94557,6.299484486831582e+18,2191112737.1000004,-1705.2283004842539,0.7526151970758881,,3.970131036355107,0.5487411969756949,0.9950018656644137,126875383151.55554,2.820966252145375e+18,1228704395.4,-1419.315345802269,0.8466313617506329,,3.9579607200623608,0.2917895182295621,0.9950313024955163,1226466621.131504,37002744520138.445,14343575.699999996,10.979807180279513,0.8518972477312976,0.16349550053077136,7.45171080438712,0.19917032532835002,0.9996491356977141
229_J_2,joy,20,1151474.976218,1151.4749762180002,whole_trace,12285.669504051577,2946205.1477619293,12.0,-0.0016108603301052352,0.9474847232259865,0.017302514084153515,0.02344818650656312,0.18097243013376815,0.8597148768892775,97264298608.31415,6.283171307087816e+18,2166637832.0,-1776.3195607673024,0.7492354037316967,,3.973164935834306,0.5482010147568194,0.9953664423140257,127095244764.206,2.8245861894943857e+18,1235727983.0,-1613.579045717555,0.8445618617676542,,3.9332161736379394,0.29144195659619476,0.9953351905765558,1214588271.1907232,35596689452530.87,13767846.0,10.629801026809155,0.8589803621943425,0.13967746877164997,7.461734017199642,0.19321941193480613,0.9997011815807033
229_J_3,joy,20,1148229.57395,1148.22957395,whole_trace,12058.85418224121,2775244.135914074,12.0,-0.0013550855249279254,0.9553907685213936,0.025911184371792295,0.023514461404366964,0.1645194435234224,0.8675907083832912,97541849484.93504,6.302531399501818e+18,2131290662.400002,-1697.4018858365966,0.7532743895411866,,3.9617512936468637,0.5481006935661558,0.9961217257406387,126986731432.9367,2.814978230896052e+18,1169691897.6000013,-1364.6370302355488,0.8470870166300062,,3.934753208330739,0.29136188577344874,0.9948977751426055,1226255277.7614772,36002579723756.164,13809261.2,8.661417447847377,0.8570922806224113,0.16521953705895648,7.334770146206614,0.19842540535162748,0.9995566661083428
229_J_4,joy,20,1153089.075402,1153.089075402,whole_trace,13954.741522800565,5057505.481290031,12.0,-0.0027653740891487736,0.9536611086794875,0.024398891140329313,0.045963491572862815,0.2771810558160867,0.8576892017801491,98003341140.33095,6.386346699358414e+18,2144332984.0999997,-1463.4635125595637,0.752643042744119,,4.013566773569983,0.5479522722153265,0.995705292029978,126544158862.06212,2.885659679697724e+18,1176249333.1,-1253.5021573365548,0.8454574431401355,,3.9736739318274985,0.29489509066634617,0.9952081582436122,1228404106.683763,37412251792201.95,14623430.999999998,8.023540676511502,0.8360105309775132,0.1573845320586141,7.258762725752109,0.20102690438878704,0.9995297142369938
234_J_1,joy,20,1141479.914531,1141.4799145309998,whole_trace,13617.262820070293,2542057.826939252,12.0,-0.002353495204150776,0.929196846529694,0.03580005550214082,0.06219995559814277,0.24303286345349076,0.857255346462234,98116158268.2841,6.206847529270649e+18,2107665244.9999976,-1724.0089808757555,0.7557740424873423,,4.036864723890731,0.5494790709203624,0.9965263058541458,127103595258.22195,2.816935373344474e+18,1208360475.8,-1300.7569979748707,0.8485680080617538,,3.9904337711202866,0.2949378624142934,0.9958110472992632,1224411602.3427792,34465295584264.94,14176943.799999997,9.396047658805502,0.8373801348670667,0.16074614832828893,7.8117887896991425,0.1849835647690812,0.9998650229737187
234_J_2,joy,20,1131084.667603,1131.084667603,whole_trace,13363.946513423596,2710659.513924738,14.0,-0.002204935078355623,0.9471857885107628,0.042216378975013534,0.05481464100418821,0.23378607287561884,0.8722638535758916,99027848720.3312,6.259143406283162e+18,2101894418.8000026,-1763.5983584627584,0.7526137219491199,,4.032412542259717,0.5468195686530853,0.9958012078529977,125721304143.20349,2.86000723075157e+18,1198500973.0000002,-1458.3166469945352,0.8407048459702982,,4.000584686192768,0.3010320812172793,0.9953129699354594,1284331613.5586407,38931670127649.734,15148986.600000001,8.461390385779902,0.8285176282843438,0.16020536098372554,7.688195454393882,0.2039485760912629,0.9996243400156247
234_J_3,joy,20,1137184.462228,1137.184462228,whole_trace,17109.3975043242,8328625.869342654,12.0,-0.004740899793959373,0.9235138062523598,0.024950974006317978,0.07122854971242114,0.3959113801368907,0.8686730943065096,98477663074.60161,6.234129291229177e+18,2089346141.0,-1681.3724275545499,0.7538396137633226,,4.025732105968691,0.548678104002314,0.9963671026801372,127396175752.12231,2.8256335535368535e+18,1205880459.0,-992.2887911448687,0.844014538709264,,3.9993511616307575,0.2956134608820235,0.9950737185714484,1252435993.7864194,36644474022130.766,14499539.0,6.861750817708549,0.84018941556756,0.155005986659698,7.6575087764909044,0.1986924356640889,0.9995445391828491
234_J_4,joy,20,1136629.629079,1136.629629079,whole_trace,13373.686213262947,3729385.3780780337,12.0,-0.0021243821595074517,0.9481907732380532,0.03254862839005248,0.032552380347484644,0.23067512720276026,0.8677801084405,99452325600.0634,6.316015410576865e+18,2144144372.3999996,-1411.3624763948585,0.7586078428084386,,4.0400143393418775,0.5477830342325689,0.9958124826750627,126332754721.22037,2.8721564911938724e+18,1222510451.9,-1481.7271192886565,0.8462075296226186,,3.998664018359938,0.30076554175476244,0.9953103288773602,1276146875.2968645,38777525989053.21,15396339.7,14.150640087213274,0.8263597129600626,0.15737685076311622,7.592622767534931,0.20478536773072503,0.9994955554485452
236_J_1,joy,20,1144609.234211,1144.6092342109998,whole_trace,11160.730333270305,1160028.3493905228,12.0,-0.0005985890643666111,0.9553633014130614,0.024574668484022497,0.013978569735224173,0.08848452113263156,0.8611367709564144,97850612344.62183,6.261310829096635e+18,2113206992.5,-1576.6895862163876,0.7631820041327533,,3.9856396957557925,0.5470617237160627,0.9962791478921276,127830552333.50737,2.8031086752567363e+18,1172415625.5,-1931.044956654109,0.8551741767041566,,3.945451307767023,0.2897818513836861,0.9952975231334242,1235246885.0389888,37958075621148.22,15889489.0,18.014313966582037,0.825666942233259,0.1762234859435564,7.869061100322758,0.20959300815612164,0.9997540055606139
236_J_2,joy,20,1129886.932227,1129.886932227,whole_trace,12499.164825425814,3516380.1962241605,12.0,-0.0015917151981743585,0.9583871904904666,0.016981189916231536,0.023896196362571582,0.1797430551774197,0.8631270551299574,99139504771.97955,6.288214726663586e+18,2137433161.9999988,-1622.2066473317575,0.7584693590703911,,4.031376830796798,0.5457873175386669,0.994498717772737,127338199072.07692,2.845673552031981e+18,1199176773.8,-1402.3184262286732,0.8489405917739361,,4.01898621046065,0.2963913350562801,0.9938219191107293,1271633818.6557052,38155298235980.695,15357897.999999996,11.479915907200715,0.8273401112288767,0.1588261671076084,7.943272679780739,0.21181888254674697,0.9993709332808465
236_J_3,joy,20,1133065.867545,1133.065867545,whole_trace,15616.117744626417,6206520.916057518,12.0,-0.003765034334137525,0.9362391987161044,0.0413702135067987,0.05913160207108532,0.34035641279093753,0.8559594080098089,98857422771.16068,6.281518718588278e+18,2111460121.1000009,-1755.8427717789084,0.7539103044597544,,4.013888451034269,0.5474844594950031,0.995960389805138,127141578066.1839,2.845883144343731e+18,1219594980.1000009,-1511.9191471617055,0.8439465710834706,,4.011240767359444,0.29702778758846743,0.9951817341455753,1270783860.9460318,37660321456256.0,14920201.300000003,9.499338489940826,0.8247439987827596,0.1450383811953193,7.9474638305988545,0.2111825103666318,0.999681369804368
236_J_4,joy,20,1132798.245167,1132.798245167,whole_trace,13048.616612061294,1871971.038320818,12.0,-0.002014780540194678,0.9309529098659379,0.038899628957007305,0.05738003239086721,0.21436482889026448,0.8612175972396661,98846783833.78903,6.32624568925433e+18,2142035480.9000063,-1706.969509087924,0.7535509608878407,,4.020133346277066,0.5462008003272677,0.9955648993726216,127251160564.3837,2.868179223466578e+18,1217477189.900001,-1301.3364616879192,0.8452370922674585,,3.993650254404358,0.29527319773731225,0.9947140255566127,1254814489.764191,35623157057523.03,14782438.300000003,8.959414557344502,0.8235439652260647,0.16843006083529252,8.162088915168589,0.19385457406756187,0.9998451637184906
248_J_1,joy,20,1146934.784913,1146.934784913,whole_trace,12852.932175318238,2007769.2658898411,12.0,-0.0018025933914401172,0.9455544577976275,0.011527676792994884,0.0697511323680608,0.20740624666120588,0.8624265421119918,97667695947.91922,6.154494218111977e+18,2097743370.3999994,-1740.937789915695,0.749711480702844,,3.9871491039892755,0.5477921396566509,0.9963431209980006,127064911448.05994,2.762844606058523e+18,1182918581.1999998,-1212.9183264480273,0.8459633951293966,,3.9461703137230395,0.29249919859112955,0.99529305856878,1267893034.2088342,51422083606350.07,14368123.599999998,9.866907353135165,0.919927340649065,0.14460750242890347,5.520802126932012,0.1691327095664928,0.9992588947361446
248_J_2,joy,20,1140657.26447,1140.65726447,whole_trace,14861.958563755641,5125434.217102172,12.0,-0.0031785322761095796,0.9486060855366889,0.04250583715062433,0.07364175253732341,0.30565316382027535,0.8682415987559633,98238068336.94096,6.129643119452272e+18,2107727112.9999995,-1634.2454723930596,0.7557410770268014,,3.9854215123175263,0.547848597183253,0.9965216897652509,126471151853.63828,2.768546114107497e+18,1192315876.0,-1377.2340586156677,0.8467931298664869,,3.9696411367738142,0.29547056465897903,0.9955532787324322,1259028600.0688255,38803727819451.45,14500483.2,8.83035738025046,0.8801117369673145,0.15670071952871775,7.545649572485031,0.2058502956284485,0.9994856013660502
248_J_3,joy,20,1142788.792906,1142.788792906,whole_trace,17393.9971439981,9447939.32563956,12.0,-0.00500737192733771,0.9352560537696809,0.028883234759248297,0.06387882034996874,0.4096535986495396,0.8603650581916189,98036275363.69392,6.154515449145679e+18,2110876970.2000012,-1667.1367640337783,0.7531268574304341,,4.001614321375438,0.5466297795772505,0.9966013669275426,126469890188.76138,2.77128705076827e+18,1193539009.4000006,-1400.1392935412189,0.8453453642712411,,3.971862542034357,0.29435444205213973,0.9953551940904418,1285006648.1775434,52569302578506.19,14730793.000000004,9.003976690874863,0.9156074567843763,0.13751382697159703,5.658963441140381,0.17501252145489243,0.9992217974290377
248_J_4,joy,20,1142696.985663,1142.696985663,whole_trace,14711.74091725298,3979585.6860847604,12.0,-0.0031632099296969303,0.9267897724236352,0.011506641669857584,0.06213370726519012,0.3024197400497363,0.8761921090610482,98938934982.3431,6.289966327539299e+18,2117898482.800002,-1585.9341473032077,0.7532873416799272,,4.012437293111221,0.5494567167627535,0.9964764823984452,126320236593.16531,2.854061842143613e+18,1228453549.4,-1299.959840611927,0.8433508907044958,,3.99230947244785,0.29968926064895124,0.9952381615476565,1276144493.3968353,39119795847304.83,14887167.400000002,7.019540915617777,0.8642081211522104,0.16790112340749125,7.634569889880544,0.20448625263636386,0.9993598889690427
248_J_6,joy,20,1153723.392778,1153.723392778,whole_trace,10413.165820511123,222332.05282289616,12.0,-0.00012244758117133347,0.9689465291402265,0.028203623797283573,0.012134624371522894,0.028303850710422157,0.862343756622595,97080784342.06624,6.18239596929376e+18,2084798099.6,-1543.5611697382494,0.763260490892903,,3.945486438512301,0.546552313958356,0.9967348151261145,128037992987.57257,2.7661640551407493e+18,1185829339.1999993,-2132.6360180417946,0.8576844845550181,,3.925550984187656,0.28610272043458057,0.9957748808298958,1259735216.361918,51246985433781.23,14874459.199999996,20.96396641107317,0.9223440176579856,0.13470718125282688,5.6885385535931965,0.17087297996383635,0.9990037850621696
248_J_7,joy,20,1131057.776906,1131.057776906,whole_trace,12685.856808526652,1677051.295414186,12.0,-0.001736108057123161,0.9392122807550621,0.02269921085130498,0.054815944212505685,0.19240123506135198,0.8648532562824894,99021085867.83978,6.245835405073765e+18,2114227998.4000022,-1687.3904483934084,0.7542786859737102,,4.0422338216060645,0.5468166074017045,0.9948452305353636,126785721701.76753,2.8422424057724826e+18,1221355530.0000007,-1161.3317866411026,0.8458769765197451,,3.997143286850616,0.29854541900289294,0.9945338704820379,1287760687.9361472,38458545255823.0,14346301.8,7.557577820875823,0.8809934046673544,0.14388321139356391,7.46469382235783,0.18572819294127862,0.9994805225212462
248_J_8,joy,20,1139324.639304,1139.324639304,whole_trace,14123.819888447406,4120721.767148544,12.0,-0.002723167624701627,0.944656282558122,0.02577114858677379,0.05354049047623879,0.2733001458647783,0.8608513301343421,98314363206.112,6.148593287356789e+18,2113294258.5000105,-1632.4992781986102,0.7541407950671362,,3.9979825265453717,0.5485399771812532,0.9959301103502111,126829065363.14272,2.781832517835917e+18,1210430256.1000006,-1343.5892976362472,0.8458027978138458,,3.957607730448536,0.2960222928635916,0.9949037723739996,1263889435.3594136,38889730437713.66,14494197.100000001,8.235229792277975,0.8794138792420989,0.16561668371024318,7.644879869639998,0.20693873800771537,0.9993874351153934
248_j_5,joy,20,1156252.25462,1156.25225462,whole_trace,11968.43850008146,1576528.386368447,12.0,-0.0010945461255784153,0.9575570250922878,0.04094783493765184,0.044108022100039966,0.15155073507063682,0.8615021125868795,96907408593.58134,6.125431656331542e+18,2070112847.8999987,-1586.5555393256482,0.7541158237678812,,3.9835597998585115,0.5465235049052387,0.9975758740405076,128107376715.05411,2.7319525954078326e+18,1168987907.3999999,-2122.22537004786,0.8505701216373484,,3.9290734196172856,0.2870539050286314,0.9964556833240105,1268450709.4829504,51725431360266.86,14516249.7,18.46550014865412,0.9184437831984055,0.12987074568032078,5.677826766407105,0.17152104328759119,0.9992650449036665
251_J_1,joy,20,1141539.409072,1141.5394090720001,whole_trace,12675.09635235676,2312885.252060953,14.0,-0.0015303773304595949,0.9512246272848878,0.028527186161230646,0.03854444239973216,0.1904655306659243,0.8705366599506961,98122714709.03651,6.14377517750264e+18,2082730539.2000012,-1838.320610102293,0.7511091453361568,,3.9998619090267513,0.5474381167561831,0.9965474007283047,127080774446.45555,2.7655811126352886e+18,1169942446.2,-1613.510035972025,0.8451083559419665,,3.937665195154456,0.2935167864344661,0.9953717794129001,1265982054.4380777,38752054545421.2,14567119.400000002,3.5279328826433254,0.87111690853309,0.13792358051578413,7.616907424219799,0.20093255646629637,0.9994812775933257
251_J_2,joy,20,1140060.002165,1140.060002165,whole_trace,13300.853438594155,4337435.725371467,13.0,-0.0021584532375145335,0.9474853104586534,0.027676869682499758,0.03333157897640224,0.2325478932648086,0.8699071225757975,98236903798.97997,6.207135701020198e+18,2096018027.400008,-1683.556925842447,0.7563496043288068,,4.02785817525366,0.5471496102642635,0.9961764345126166,126866788178.42342,2.796146517113297e+18,1167192862.5000014,-1478.7579938743042,0.8470957893584884,,3.9910180090165834,0.29482890104247805,0.9954049543928323,1266214489.501119,38732425550363.04,14425010.1,7.267203665628791,0.8726932521191538,0.14238464118595107,7.578548483055666,0.20141386025773725,0.9992708299238398
251_J_3,joy,20,1147356.340778,1147.356340778,whole_trace,18144.826729142686,11256126.099497655,12.0,-0.0055358146755221,0.9348635104364352,0.042023983494102767,0.06623922952172459,0.43543061674421435,0.865633768551621,97638524601.17424,6.163523465215213e+18,2067190564.0,-1674.9897604315672,0.7563823141355549,,4.003115542016856,0.5482866557570284,0.9972251295973211,127427463508.75478,2.760774474569489e+18,1181242351.0,-1440.4626866507022,0.8486079309146956,,3.9604086703515335,0.29210188742704546,0.995793405638929,1254395251.1929123,38221391609578.734,14473735.0,8.098164410901012,0.8670808086603314,0.1443858107741329,7.600951587617897,0.2058346267008758,0.9991919196474273
251_J_4,joy,20,1149968.720756,1149.9687207559998,whole_trace,12254.238524623346,2870534.96365005,12.0,-0.0013543003710752427,0.9517959134419323,0.012335638883653277,0.028696432698017648,0.16703466529321515,0.8733062068587557,98323489933.58224,6.292869221243427e+18,2123902635.8000064,-1436.7830306314202,0.7571297369591412,,3.9783690785888104,0.5500228488065001,0.9973067862226365,127184037660.45905,2.8435596686466017e+18,1198555450.4000006,-1688.876682218035,0.8483070251425273,,3.946194290412245,0.2960888320121938,0.9958515449324579,1243555559.4815416,37616809988777.6,14799251.600000005,15.047514775368784,0.8492673707130108,0.14514281157163722,7.635859864281605,0.2034672221725992,0.999652743325096
222_1e,emotional,20,1126145.855153,1126.145855153,whole_trace,11958.290250218415,1489829.9682652089,10.0,-0.001353164488646798,0.9498145345006535,0.030987105499499457,0.030191471064270538,0.15574503747332602,0.8982245021655625,96563209175.23053,6.051691693947855e+18,2178132944.800002,-2186.7174237015975,0.7466933769734523,,3.9399869738873052,0.5531637394243695,0.9960141189396718,129846454450.49345,2.742668561651324e+18,1215149896.300001,-1576.845518058893,0.8452023638918871,,3.940874958330372,0.28879885987693327,0.9951645798043047,1196654201.9602888,49284503355702.7,12441334.7,10.238756932880888,0.9414314255599642,0.03585425863151426,4.481657484158042,0.1562821790776254,0.999268246521264
222_1n,neutral,20,1153307.16912,1153.30716912,whole_trace,12559.665272047607,1620416.4748871038,12.0,-0.0018433753473373318,0.948446800489777,0.014124203967767451,0.07109987884890015,0.2112686839599612,0.9033693326241842,98158693439.10751,6.559757806979388e+18,2312672978.5,-1487.8778905140261,0.7467766004898176,,3.9269676988618145,0.5590486241731943,0.9943180621120838,129786209419.88322,2.9724536105138637e+18,1283983120.0,-1604.7266374829405,0.8453574830971378,,3.8948860462104813,0.29553272485414894,0.993718083662343,1168568751.338241,53708250179493.24,13374515.0,13.115784823349845,0.9403285055180902,0.08060906552894176,4.187089206845595,0.15496118403334402,0.9991788430235665
222_2e,emotional,20,1125348.664206,1125.348664206,whole_trace,14330.396892040864,5894108.9746741885,12.0,-0.0031133706088267046,0.9484192906156759,0.04548903408778084,0.041764833864321754,0.2988413681589896,0.9050452794988236,96680069727.5044,6.164985326892931e+18,2236222844.000001,-2183.6168620342078,0.7495241252226758,,3.9090107270032215,0.5525648183684031,0.9950327932273688,129097808353.74667,2.7918500281158707e+18,1239647352.2000012,-1186.595504939961,0.844540709043031,,3.9463324934351687,0.2907200904982448,0.9942098391149138,1180745984.1946073,52912812901325.695,12345789.799999997,4.7582942241004185,0.9434883370265327,0.0538726921837363,4.044968590433886,0.15507087621725058,0.9990918947200034
222_2n,neutral,20,1159100.755815,1159.100755815,whole_trace,14584.35853414119,6978688.468339062,12.0,-0.0034569752895726624,0.9381875342032285,0.02539814492434773,0.0396859373693152,0.3185444249042325,0.9034296378807254,97690396331.66948,6.542564191516179e+18,2264487172.400001,-1588.9204831896789,0.7459624757644946,,3.9159667330287324,0.5594746824574693,0.9961725014715433,129928116011.02493,2.968764608371609e+18,1255867478.6,-1202.2028430522412,0.8448238092133835,,3.9159667330287324,0.29497267610958305,0.995216219429018,1157452948.190579,51785133075150.55,12877884.200000001,6.798970759765254,0.9415959154696829,0.0848427836265832,4.189454605769448,0.15382242074619568,0.9992771878131594
224_1e,emotional,20,1120319.392428,1120.319392428,whole_trace,13608.336250396382,4399993.239665046,12.0,-0.002373442613047372,0.9517922067312579,0.02144938263524767,0.03124109092153322,0.24869964828732172,0.9120140473470618,97134526402.78267,6.094445413121753e+18,2137028749.600001,-2174.0615561099394,0.7462823651284295,,3.931021840526637,0.5559660807927932,0.9957180117440532,129727607692.52988,2.761200035105138e+18,1196189964.0000002,-1654.5834043930774,0.8409654684628,,3.865861850890296,0.2903143282789867,0.994701620144965,1173703415.5770955,42952726791606.375,12456393.600000001,14.134847873889383,0.928937582809325,0.0773823623204228,5.167276438421594,0.15662150013420353,0.9993847610189246
224_1n,neutral,20,1158448.45307,1158.4484530700001,whole_trace,12387.487731517454,2791988.946949994,14.0,-0.0015980016297147909,0.94957372499253,0.0417944740160353,0.03884506028796159,0.19165303277305104,0.9172528755360233,97754989829.82986,6.603802794323283e+18,2232081439.5,-1547.0818393378186,0.751229121486634,,3.9501110195047167,0.5590437330079218,0.997514565823925,130182734331.02007,3.0121111168556805e+18,1237406938.5,-2227.097124763344,0.8470016101726833,,3.8292597208310584,0.291523847280843,0.9957717110799466,1103930019.6197205,35438710407477.875,12852885.0,22.953747118781198,0.9045506085463283,0.07965936563758706,6.501799868642816,0.1767936158957008,0.999424769639989
224_2e,emotional,20,1103607.216851,1103.607216851,whole_trace,12124.637095234373,1767766.6395082742,12.0,-0.001237606689077997,0.9492209503836416,0.015515838363955373,0.03986925722137654,0.142977976639279,0.9195031526150872,98559928295.31798,6.106060634072466e+18,2135436250.7999997,-2115.4168617344467,0.7495879515561379,,4.017733784535991,0.5536617188536939,0.9948819300134468,128464889772.2316,2.791282825345421e+18,1236952254.9999993,-1563.3204003628932,0.8385245163909752,,3.961554376633142,0.29650366189261,0.9953245918083864,1229671187.9016473,40642875284989.51,13145638.3,11.116695904794192,0.91767694153752,0.07974582401592646,6.144396209503507,0.16235479924513044,0.999273073952534
224_2n,neutral,20,1141523.6978,1141.5236978,whole_trace,14757.68924680838,6020187.5610379595,12.0,-0.0033505788189971642,0.9462597120198106,0.02251212342884381,0.048181216128932475,0.3154746824397498,0.9108489044181075,99194459382.68457,6.64744362697703e+18,2271962748.6000004,-1642.8008045590548,0.7495356135121201,,4.009553204038617,0.5588279109911573,0.9954726810807617,129181062108.67311,3.0455505407841633e+18,1277728754.2000008,-1530.4578853731352,0.8410494285716598,,3.920198948672233,0.29992071045663643,0.9948448757021463,1167122072.4463878,44137923138216.234,13494009.000000004,13.730646661745348,0.922236792439535,0.07696513041410075,5.331470570194237,0.15815629187591576,0.9993570332497773
226_1e,emotional,20,1087667.201967,1087.667201967,whole_trace,14677.863753847356,4457562.397086184,12.0,-0.002590166751380921,0.9460283945603812,0.008452121621976226,0.04321174704450267,0.2636250095601959,0.9020398797595853,100070548710.12865,5.916334651797561e+18,2079496336.3000007,-2114.567965236996,0.7421799719225445,,4.1400531264126705,0.5530710379848504,0.9994473766595412,135106937720.24628,2.675077921840577e+18,1155627615.1000018,-2090.2243277058687,0.837947450559903,,4.054549031196952,0.28457376293231984,0.9982959296172983,1178688114.8043451,29693844608361.848,11468019.400000002,10.663675327511898,0.9235026321736103,0.0735926552503284,7.391047542356531,0.18573050665677687,0.9996207641429448
226_1n,neutral,20,1114802.334424,1114.802334424,whole_trace,13942.01601491138,3800737.0775078097,12.0,-0.002256902221668171,0.943170917469421,0.017427863009802237,0.04485100044738799,0.2374454659814785,0.9029043006647733,101634771166.97968,6.370192378129577e+18,2163064146.200003,-1605.2416523717031,0.7420426837429126,,4.137056281267068,0.5590342503684501,0.999192071392922,135545080648.79318,2.870551713063356e+18,1211098698.4000006,-1231.1453167246793,0.8400425743667973,,3.9971211598712175,0.2896935053398992,0.9979976108776113,1153230489.922019,41113212196367.19,12053860.400000002,8.04751561975127,0.9390023140337966,0.08741872339771928,5.196436911834373,0.15726215042559458,0.9995110627843871
229_1e,emotional,20,1124904.81343,1124.90481343,whole_trace,12050.280911028849,2514277.7531777225,12.0,-0.0013493689178579419,0.959927415525792,0.019475888766226714,0.03911442059336339,0.15948610662643478,0.9069304222640888,96727413289.71735,6.194219210788958e+18,2183115326.0000005,-2069.934886378002,0.7498534947110026,,3.963890941495622,0.555431660563321,0.9960163896169542,129967177399.1575,2.792428648306365e+18,1202152967.9,-2189.0464665892473,0.8441742367411917,,3.883884172100106,0.2864892266070629,0.9948410279735345,1167188542.5892553,32451289709308.402,12269361.700000003,20.364067874096374,0.8969878012069926,0.08284248506864915,7.0281502093438855,0.1844608133290602,0.9994754283266545
229_1n,neutral,20,1138078.687635,1138.078687635,whole_trace,11124.041015396182,763197.3105127992,12.0,-0.0006642461241072866,0.9656000073524216,0.006458437854910586,0.04481236715361154,0.09293940284836517,0.9102562459223595,99489847268.04214,6.610190816029154e+18,2281883080.5,-1717.0500711095365,0.7459245446006593,,3.9944513937317265,0.5572157280255297,0.9947295345531266,129456009454.74294,3.0202814976382925e+18,1256914759.5,-1051.290924019433,0.8394695926410387,,3.8977972684984468,0.2982053966388149,0.9945867949172059,1163580327.441038,31928297784145.426,13149004.0,6.658448460783846,0.8700183610156931,0.11492786409315586,7.116379638766664,0.17747607601774928,0.9994514060864564
229_2e,emotional,20,1126476.384074,1126.476384074,whole_trace,12643.954370786301,2115130.729204514,12.0,-0.0018049466399810918,0.9485350945221435,0.015874682231473758,0.06214067244520378,0.19963082516494285,0.9148359195128933,96589174702.80531,6.21568296511072e+18,2153310612.400001,-2165.828674483147,0.7475005062994591,,3.9237396029685816,0.5536334235948039,0.9966621117071695,129623561377.29103,2.8186993879728307e+18,1197485257.2000036,-2508.8013075603985,0.8414953529751462,,3.8544971393867833,0.2874617140867974,0.9956448849903926,1147877561.004472,31037478882216.73,12138619.100000003,20.599662180330633,0.8934899613196876,0.08629941962917706,7.225184757593051,0.19125161235236157,0.9995952584572049
229_2n,neutral,20,1156875.193234,1156.8751932339999,whole_trace,12983.425600138942,3468934.100961444,12.0,-0.0022386544517156047,0.9486627630368082,0.017059766938492087,0.04062668149069159,0.23270644211666114,0.9010211284871718,97898406532.42859,6.646508919064589e+18,2254461095.8000035,-1638.9466885848224,0.7413747294500852,,3.9381949121615083,0.5613837753905797,0.9960483365689251,130727909803.87776,3.0125580127921393e+18,1229265603.4000008,-1285.9354259071831,0.8405460317903191,,3.8534839592660237,0.2923502371653715,0.9950238684322356,1139607373.784643,31797139936020.246,12864055.2,9.084628774248552,0.873355425411358,0.093506589830952,7.012856743276188,0.18260732042427993,0.9996498489642587
230_1e,emotional,20,1109612.861187,1109.6128611870001,whole_trace,14462.876703531143,4677461.543312815,12.0,-0.002814910661724174,0.9497587063334025,0.029355097290129528,0.05857898936973994,0.282928533889857,0.9144556500607144,97960909465.11595,6.070997282024988e+18,2103653855.6000009,-2159.648105351845,0.7491469748962011,,3.9788652010369514,0.5564324136555708,0.9968978859118899,128934193272.64024,2.7518600977975977e+18,1186967114.1999998,-1631.4857428721873,0.8397681359069824,,3.8923485398139506,0.2956458681039238,0.9958453148112308,1221474984.0661626,33053005173275.375,12504862.8,7.639366091060633,0.9017557608676557,0.08799838319162816,7.544973830822504,0.18765434502709613,0.999563010445133
230_1n,neutral,20,1148850.923203,1148.850923203,whole_trace,11579.726082223215,1296880.9636332921,12.0,-0.0010181210134031372,0.9471179908535716,0.030167476549756104,0.028724353467894592,0.12336061387110749,0.9104699595011705,98486819471.56442,6.496195738261351e+18,2205921972.8000016,-1550.824155312243,0.7459987732287661,,3.9961668718516385,0.5595331244989404,0.9975058418051335,129450452468.0854,2.9683553192341417e+18,1224089477.300001,-1376.0909453686768,0.8413445402334699,,3.907382506587237,0.29627727676281385,0.9962687560140981,1168091143.1437979,31735666517222.133,13165071.600000001,7.840209742600943,0.883331044614414,0.10818188712183141,7.571043226174156,0.19156037566702253,0.9994785646899551
230_2e,emotional,20,1112620.749375,1112.6207493749998,whole_trace,14697.404312463057,3469948.945858894,12.0,-0.0030677055944432928,0.9346843842103216,0.030257511157170146,0.07729498128478134,0.2933150170214137,0.9104674840734727,97692203991.77495,6.133078522530899e+18,2090426971.9000027,-2079.72144341667,0.752849889614344,,4.0058573440264,0.5536749682237596,0.9970562159569932,129317915470.80864,2.790945177861014e+18,1167295585.8000011,-1873.9599990650975,0.8436370042999894,,3.9123843434029437,0.29219733510615237,0.9961540547622615,1205989921.2680905,31604620621065.254,12414164.000000004,17.305520370404064,0.8997618836964224,0.07812198098276066,7.704332320617972,0.191549093800507,0.9994137588614109
230_2n,neutral,20,1149387.551728,1149.3875517279998,whole_trace,13389.559489193043,2091803.1067396516,12.0,-0.0022288825386099155,0.9386506042864036,0.028291785850118586,0.07569248498402771,0.24265186672751218,0.9119620435517324,98404343568.278,6.488412147242765e+18,2221591268.6,-1542.0251575549783,0.7433298551241059,,3.9943011328927724,0.5606368929797574,0.997392829904061,129696145319.68532,2.9544449489579725e+18,1216475840.0000067,-1102.7220038330927,0.8406943417314724,,3.8777173054461094,0.2959707503658222,0.9963123014809442,1153478809.1403885,31791161929061.324,12954301.900000012,7.189986686329418,0.8879329293109349,0.11074565680681406,7.2238471588779545,0.18631339964452895,0.9994383429325417
231_1e,emotional,20,1116337.117031,1116.3371170310002,whole_trace,13386.332651685021,3577917.5346194496,12.0,-0.0022316385958954955,0.952219782981028,0.04074821888333124,0.037623043576390985,0.23459614311353444,0.9119110409029377,97436898456.95459,6.137019526098885e+18,2142818628.7999988,-2154.418505386889,0.7509446638386272,,3.989834192601082,0.555202378296474,0.9965865676664235,129782099246.93002,2.8097963559681623e+18,1192953412.8999996,-1797.2784166250851,0.844117018037531,,3.8904018631491915,0.29084190481933586,0.9951079863553178,1180688331.4956539,32035767652407.492,12388093.599999998,11.151861469858371,0.9023690918022887,0.08254340807129143,7.370533393965357,0.1926842788966073,0.9994578188081842
231_1n,neutral,20,1158583.568006,1158.583568006,whole_trace,13572.564322713202,3948112.3451474323,12.0,-0.002584995898185811,0.9329869260224339,0.03818422471570066,0.043156144606861076,0.2589530650335931,0.9036546622654679,97756129346.26868,6.642787955637026e+18,2218389618.6000037,-1607.966999233193,0.7494178848685923,,3.915988561626574,0.5613580121115855,0.9975670002376817,130801510336.4561,3.038391084232426e+18,1216803182.8000026,-1481.7316891757214,0.8464775170143688,,3.817592551922931,0.29157715787841915,0.996372093396731,1113146187.6898646,30367218133335.08,12385506.600000001,9.111114755030744,0.8940412647679038,0.09577530158275226,7.142341932435508,0.18758414685258767,0.999694944171365
232_1e,emotional,20,1405529.245375,1405.5292453749998,whole_trace,13110.809369949075,9017169.396667274,13.0,-0.004461281084062909,0.9401512006499037,0.01825521964045518,0.044111497646893996,0.3759241152387182,0.9157599161670774,77392537990.81912,6.037917373709779e+18,2122991014.1999998,-2125.742475833405,0.7486530099629621,,3.1418769936884496,0.5533073068140988,0.9966934762542965,103110575917.36737,2.7280866825876234e+18,1212023179.2000003,-1722.9059266270883,0.8426739454692385,,3.100611399115549,0.28945569961355405,0.9951862512484821,986417825.0756308,53861255568721.82,12755970.800000003,8.585743040147936,0.9396383564098866,0.05209165433785412,3.296978711221077,0.14799252465122034,0.9993706815705553
232_1n,neutral,20,1138448.634673,1138.448634673,whole_trace,13220.296060456902,4181876.649932859,12.0,-0.00198121630933067,0.9522684492814764,0.029254496184220748,0.05182491172906255,0.22205053503415273,0.9190655124943429,99480495618.6865,6.544221911641552e+18,2197667462.600002,-1589.2145663706765,0.7477552710230498,,4.0098427464944155,0.5591433964226696,0.9958167390708446,128937315411.5763,3.0008170640418903e+18,1241165693.6000037,-1731.9026257450907,0.8398450441609525,,3.9070713113706814,0.30167995734973874,0.9952272080030912,1247305424.8230257,53158868749033.945,14206162.200000003,16.921607173795874,0.9309056873884128,0.06743768948013372,4.727486015691773,0.15357003289153967,0.9993073483792665
235_1e,emotional,20,1116857.302191,1116.857302191,whole_trace,12737.538602372975,3430913.3607700774,12.0,-0.001697550438350145,0.9533207549914905,0.036893262046598964,0.03133793362082926,0.19216986516179901,0.9116588566958016,97389678511.7268,6.083630996135677e+18,2115698805.8000007,-2150.439566456237,0.7485638467412652,,3.9790222003132922,0.5552137652648561,0.9964261959673368,129243088629.83069,2.7860021106944456e+18,1204234474.2000003,-1609.6176182166364,0.8415453883224144,,3.9082880072834203,0.2925030945189541,0.9956859986365895,1196180977.5556533,32218706305138.688,12656105.800000008,8.877593162971682,0.8916921882350975,0.09314463573107923,7.506778156486643,0.1915632610131362,0.999419649255846
235_1n,neutral,20,1140771.743761,1140.771743761,whole_trace,13810.122915615115,4253046.975509619,14.0,-0.0026074626778362377,0.9459761007909763,0.030968095656698377,0.05347257269792611,0.2659974820679542,0.9089287466278837,99289056014.89993,6.605750538562385e+18,2244185653.400015,-1692.1697590259037,0.7469620306912925,,4.028851542945383,0.5594485371158848,0.9963258533535707,129848251036.3403,3.03956986382202e+18,1234226827.0000012,-1567.1012971537318,0.8407000504473303,,3.9394383885980315,0.2979893881257643,0.9955285864995747,1175426537.31957,34569709757549.766,13365321.6,11.429913503068594,0.8929017870521323,0.09916445392025049,7.057502996573821,0.18349622720889183,0.9993509485558063
237_1e,emotional,20,1095265.856373,1095.265856373,whole_trace,16142.808521896199,5348329.508079943,12.0,-0.004066171272200101,0.9202337707143867,0.03170193548422547,0.0748676675374005,0.35493576119045733,0.9134186558570417,99307521494.69023,6.127806444645241e+18,2126427653.6000063,-2157.2020490672853,0.7510705709813771,,4.082113921459971,0.5532533239156884,0.995317574133663,128782643270.11769,2.804458669782061e+18,1206902116.800003,-1459.7001487106368,0.8380632017195885,,4.00724625392257,0.2983762504690491,0.9955074675731225,1235204555.6885037,33056077961981.074,12799858.2,8.164205994495056,0.890423387863885,0.08168949759065232,7.558895360269984,0.18018678664587023,0.9992769570016896
237_1n,neutral,20,1156220.238264,1156.220238264,whole_trace,11879.160687086936,1569060.818617637,12.0,-0.0012752008116512776,0.9524179570277358,0.02720640749620672,0.0441092434747325,0.1567483508829971,0.9109357937541231,97950842961.45401,6.572020392795034e+18,2238939443.200004,-1580.3088658921117,0.7529721504628165,,3.9594532672024587,0.5600487334159719,0.9969264527740547,130641019252.4694,2.9936254398106435e+18,1244113895.4000003,-2073.146570526516,0.8484756345498062,,3.8522072634599716,0.29201460665090356,0.9960152752320101,1088249510.5216296,31320535906696.207,13577782.6,17.375543680382584,0.8619975046748343,0.10685175953757686,7.252943446649152,0.18894700023075456,0.9997820174139441
244_1e,emotional,20,1114639.307049,1114.6393070489999,whole_trace,16083.523061341233,6805342.697223985,12.0,-0.003793608660009995,0.9445350832215718,0.0475537081912981,0.06728634054594934,0.3446318572757668,0.9143997884170895,97760492566.18289,5.862247051997257e+18,2024907680.9999964,-2074.047135386658,0.7488348445439025,,4.003088686880346,0.5538595887694081,0.9988284343647711,128233754087.7307,2.6772052006512737e+18,1152417506.3,-1965.120420482961,0.8381703005173661,,3.877487517861241,0.2943892398241296,0.9971682591322407,1185293599.3849,33218861083259.09,12245813.7,11.570405912848232,0.9137519817245181,0.0825749977115238,7.175415355820038,0.176014485516456,0.9997277604995288
244_1n,neutral,20,1171047.271126,1171.047271126,whole_trace,13284.245122779665,3248361.0231617796,12.0,-0.00219173241365793,0.9288630263753952,0.014887589765515342,0.04867438010866346,0.23793571797319946,0.9107791090679088,96843704959.16617,6.379495188456748e+18,2156153875.9999976,-1595.7505984400807,0.7417580338607174,,3.952018090226219,0.5610456135484917,0.9996346389241809,129507474971.16713,2.8962202130549504e+18,1190885931.9999993,-1395.466892485743,0.8397324046294565,,3.8281972987217245,0.2916908588173403,0.9986503201795488,1079209372.7205482,29288869325541.37,11776246.8,6.84111058714378,0.9122832183091036,0.07827696316621892,6.726457756420037,0.17687484744081988,0.9996209835228964
244_2e,emotional,20,1129644.938069,1129.6449380689999,whole_trace,12074.362961618363,1134764.9196041587,12.0,-0.0009534197949668936,0.9503024744829801,0.02094037528636408,0.052228800405952173,0.1386727741131193,0.9101511965033018,96433614433.46112,5.883001111747063e+18,2047156125.9000022,-2105.9026718460054,0.7465818537342128,,3.9782411699042215,0.5534441642486293,0.9993820541448875,129416371210.00165,2.670624175921717e+18,1155577613.1000009,-1632.990658359854,0.84062622666043,,3.867586931756018,0.2870002053118769,0.9979174069739248,1128064583.0399532,28710632218908.863,11189534.8,9.181400113150515,0.921139997926845,0.0967813516048669,6.909250629973843,0.170811192814123,0.9996907763447851
244_2n,neutral,20,1168309.693904,1168.3096939040001,whole_trace,11609.723920611868,1091663.6512102624,12.0,-0.0009594315155429759,0.9457887124175186,0.019567186106210315,0.030813747577239665,0.12383998735453233,0.9107363745830377,97045155469.37961,6.353213812003154e+18,2148614192.6,-1580.8864546577668,0.7495460358277058,,3.923617191501851,0.5575523544950163,0.9994314005347973,129871590613.34866,2.8859362739554417e+18,1199492158.3000014,-1996.113003397349,0.8452544246735995,,3.8020740760582945,0.2900517249436047,0.9983069356384985,1088708246.30384,29964970937638.69,12132096.200000001,13.405446225287815,0.9117732434455295,0.1095555443399039,6.919398205955707,0.18017121702275354,0.9996441192885174
246_1e,emotional,20,1133238.160812,1133.238160812,whole_trace,13160.098658620886,3866102.97770917,12.0,-0.0021779863661406545,0.9430124047416774,0.013671750005475056,0.039709216964381185,0.2260884515170993,0.9070909730404991,96005533919.1918,6.047802907689539e+18,2101863583.1000006,-2209.4636601839306,0.746504372718526,,3.943566458084878,0.5534359801673382,0.9971289210312198,130341312742.47406,2.721242916049573e+18,1159487609.3000016,-1825.0806993945312,0.8454292097444369,,3.842087348064793,0.2838976238451377,0.996101089224281,1162741740.233892,46428653221447.79,11802721.700000003,9.227552911847372,0.9403226015008489,0.054540045110714454,4.317715524593714,0.15339078402329065,0.9995798962215245
246_1n,neutral,20,1141670.633134,1141.670633134,whole_trace,14999.972411473953,3986216.206546735,12.0,-0.0030614882498143127,0.9342001608947214,0.017857335248056,0.07094865861412841,0.3215892552117287,0.9087698392067102,99215374147.30028,6.536505686996347e+18,2205541918.0,-1622.3024649323982,0.7488721984681502,,3.9976503446281737,0.5587772227732124,0.996768858115849,129777036892.75845,2.9853228589919887e+18,1223888911.0,-1251.3553104301575,0.842413227918052,,3.8846580364649324,0.296638530175111,0.9956665183085299,1185396450.8537524,36947419967019.805,13352476.0,9.99345107656987,0.9135166884035277,0.10203092244443154,6.437933837207948,0.1789262022614868,0.9994761277923656
246_2e,emotional,20,1122525.036634,1122.5250366340001,whole_trace,11454.16055801722,1520982.686452191,12.0,-0.0007707533066383822,0.9558287933129617,0.019106824300125887,0.013362730906188917,0.10905689732330698,0.9144547396250547,96943913054.32991,6.076197788995535e+18,2120362883.5,-2010.6157714105968,0.7552053492367312,,3.9589317431402367,0.5520419686024616,0.996737590393351,129686942185.72195,2.753925863863049e+18,1179611922.0,-2068.1395246151455,0.8483610006937071,,3.8689560217052312,0.2868443112831721,0.9954493211606653,1208555810.6329625,47443440074209.04,12736421.0,18.387000998236125,0.9380855142517951,0.06079536026139158,4.850671318946577,0.15824140747161414,0.9991704693089187
246_2n,neutral,20,1149216.02549,1149.21602549,whole_trace,14405.352547134362,6040628.291811245,12.0,-0.002723939801736455,0.9484512611542589,0.02100449583539174,0.041767604119107085,0.29611095519853925,0.912494754578385,98558677442.08339,6.525128941809719e+18,2229272426.9999995,-1632.8397720346827,0.7459007857133447,,3.9818449260215423,0.5588237116764305,0.9969362156142088,129742315476.14755,2.977943291929051e+18,1221451186.5999994,-1354.8784143071584,0.8417272691074315,,3.882646866238663,0.2955925710685737,0.9957420901387343,1176538959.9744713,36505016720527.17,13360509.399999999,9.071474247512503,0.9109006158789279,0.1092327628646788,6.435691668019084,0.18093744659846175,0.9992298249857506
249_1e,emotional,20,1146497.972393,1146.497972393,whole_trace,12698.142823238792,2724041.564125473,12.0,-0.0017350944898551258,0.9494077708326539,0.015025857005873828,0.031399968309459694,0.1967427041236345,0.9072586863728875,95011438156.89584,5.927230861490572e+18,2104593619.2000055,-2160.6959640588343,0.7420960891497572,,3.888362742321426,0.5535235103965447,0.9992013166623699,128991340915.51659,2.6525945049302994e+18,1177629100.8000002,-1646.0010793259785,0.8403311624088006,,3.8813849715859905,0.28498278479035466,0.9980456511198847,1122800654.8839662,33126576103645.0,11131277.000000004,6.257850326210686,0.9355561065143713,0.08478510898874547,5.73834420855376,0.1655831906982025,0.999534652998865
249_1n,neutral,20,1156153.072476,1156.153072476,whole_trace,10840.384632771167,797767.3948896038,12.0,-0.00046972189871040794,0.9584906901517627,0.027287866725113505,0.017298747437628048,0.06125246785642932,0.9091147583264692,98045712484.3234,6.488179723280884e+18,2200491092.9999976,-1645.1540142634979,0.7381642189334117,,3.949304040010483,0.5571073859478018,0.9981944522660001,128653711280.46687,2.9128517411995955e+18,1235878317.2999995,-1366.332985356275,0.8344454745368569,,3.9276806057134483,0.2956501949631569,0.9964165684653941,1130768816.5177093,35855501883975.836,12348013.1,7.298808741878017,0.9268422959146159,0.06723435059656513,6.013909546691391,0.1753563792565521,0.999637745289616
252_1e,emotional,20,1104948.64919,1104.94864919,whole_trace,17857.998210563885,330273.10359572526,149.0,-0.0006383732079278799,0.9536794932586422,0.0,0.09593205989953014,0.05740199595878223,0.9991447276497726,98447931314.50664,6.079856476709963e+18,2221622992.0000024,-2169.987145166952,0.719979501230091,,3.7214399085553582,0.5556602096194582,0.997614400038824,130299110800.437,2.7222280788045527e+18,1221421321.6000056,-1915.1625020229235,0.8117584030339974,,3.649943373347218,0.2927043932627568,0.9966651910719909,1211257395.5496652,27971264740447.023,10895258.000000011,15.963401102844312,0.930453296240022,0.09931967235308786,7.600353198455228,0.1838949391159413,0.9997490980467496
252_1n,neutral,20,1139984.256821,1139.984256821,whole_trace,28803.058290967037,15747107.789768502,154.0,-0.008970708021820106,0.926422061134008,0.0,0.11140504725403547,0.4194720925055869,0.9992492806676592,99362237698.1587,6.503686048327137e+18,2342850187.0000014,-1609.2336460477663,0.7154728932223057,,3.741279736523317,0.5582546797692493,0.9968289252125858,129609381432.64473,2.932403155986e+18,1288061727.400001,-1247.720480021022,0.8085123787505857,,3.670226123707751,0.2992991386184649,0.9962643599399477,1190407163.2175908,29421459588673.9,11611991.000000002,12.387875972116232,0.907600665401096,0.14728639616334271,7.5079984208448,0.18234809955595574,0.9997654876780733
252_2e,emotional,20,1100778.172755,1100.778172755,whole_trace,22931.307710094075,6361473.28296265,154.0,-0.004299556819843689,0.9421499813851859,0.0,0.06631672193980503,0.2544324536730691,0.9992599470640637,98796557782.5008,6.091372188838627e+18,2229369756.4000044,-2185.620755054892,0.7193819163683927,,3.721912462840838,0.5550519401894858,0.9966254462021799,129197881984.67801,2.7432668719839534e+18,1274371418.6000004,-1604.6654265839763,0.8086391736108465,,3.682849188273556,0.2958258644817185,0.9964278329834572,1243140356.3936486,30101114355910.78,11518109.600000003,10.786819996768438,0.9238710679503409,0.10315727102054292,7.6800214695768725,0.1821946511176917,0.9997160663873083
252_2n,neutral,20,1215757.951847,1215.757951847,whole_trace,17747.08194770278,2555488.0112594455,160.0,0.0003174967976314886,0.955492087912091,0.0,0.030433689488758003,0.10492809747945835,0.9989551110233068,93175490329.09131,6.477966092480132e+18,2344220736.2000003,-1768.715300261233,0.7087436722118584,,3.536065705734342,0.5622421437998727,0.9996543776089682,134204463283.8867,2.7732906332462966e+18,1210728342.9,-3482.519622939074,0.8266578271015889,,3.4242013335594477,0.2657055662741055,0.9988548132165173,920955488.8915143,22494065008336.383,10243102.8,35.282551188468254,0.8845532926176269,0.17469964620358502,6.7702621130261385,0.20414711825116044,0.9998961979732481
