run_label,condition,prompt_index,elapsed_ms,dur_s,t_start_s,t_end_s,n_samples,mode,tlb:tlb_flush__mean_rate,tlb:tlb_flush__variance,tlb:tlb_flush__p90_p10,tlb:tlb_flush__slope,tlb:tlb_flush__spectral_entropy,tlb:tlb_flush__iat_cv,tlb:tlb_flush__burst_rate,tlb:tlb_flush__burst_clustering,tlb:tlb_flush__lz_complexity,tlb:tlb_flush__perm_entropy,instructions__mean_rate,instructions__variance,instructions__p90_p10,instructions__slope,instructions__spectral_entropy,instructions__iat_cv,instructions__burst_rate,instructions__burst_clustering,instructions__lz_complexity,instructions__perm_entropy,cycles__mean_rate,cycles__variance,cycles__p90_p10,cycles__slope,cycles__spectral_entropy,cycles__iat_cv,cycles__burst_rate,cycles__burst_clustering,cycles__lz_complexity,cycles__perm_entropy,core_power.throttle__mean_rate,core_power.throttle__variance,core_power.throttle__p90_p10,core_power.throttle__slope,core_power.throttle__spectral_entropy,core_power.throttle__iat_cv,core_power.throttle__burst_rate,core_power.throttle__burst_clustering,core_power.throttle__lz_complexity,core_power.throttle__perm_entropy
222_2e,emotional,0,60883.363722,60.883363722,-1.932215668,58.951148054,4856,per_prompt,17.686331211854153,111756846.59715468,14.0,-0.7911211894232927,0.9309606796688092,0.14406704257626626,0.5420199867845928,0.8546396537588663,2.89495356399949,0.9141252884050926,18895840.82984383,6.529000608992928e+18,2084833898.0,-759484.9530968153,0.7554114261245408,,3.5641920343108078,0.5669905113216491,4.022169803640406,0.9970281968056052,26046433.151880596,3.19923736951197e+18,1475413557.0,-448593.9455591482,0.8292903016899645,,3.5641920343108078,0.3028436470747025,4.36008250187728,0.9956729331098623,224798.63058569707,60038320527561.76,15327823.5,654.8783999735907,0.9103502319813502,0.08944408551771903,4.073362324926637,0.1472565173122611,4.796342925720409,0.9991555084421573
222_2e,emotional,1,57192.711905,57.192711905,58.951257073,116.143968978,4833,per_prompt,2.0845810415970782,497.1475575616314,14.0,0.0011901562201221281,0.903962365249079,0.0575197111458285,0.6819050662395758,0.018712122789845263,2.7247764801705423,0.8988509304329707,20346709.12564672,6.430650156337455e+18,2119378007.0000007,-755277.4233976998,0.7704527224055266,,4.161369378590232,0.543982182943729,3.925096230728941,0.9961544504628078,26715930.236378267,3.0138734491608684e+18,1131490871.0,-399655.6204749394,0.8592960969713151,,4.056460906861066,0.2937090627048212,4.497400584370709,0.9948777304703574,241597.97038224767,50623507329334.766,13273682.200000003,415.5622795861389,0.9180908394382173,0.0537625531399472,4.581003265506894,0.15733684701556405,5.196320945455346,0.9987685281170652
222_2e,emotional,2,57777.28817,57.77728817,116.14401911,173.92130728,4854,per_prompt,2.1657690420452966,144994.9093525165,12.0,-0.003136154155471018,0.9984083352826579,0.0,0.034615677947973864,0.049393143143143144,2.8329394881558967,0.9038030013117326,20245510.78565977,6.539962326456994e+18,2259962679.7999997,-764146.6492258331,0.767476669880111,,4.119265675808889,0.5462857840488236,4.164900351687788,0.9949740625271067,26676120.87224567,3.0297318754528154e+18,1251797583.7999997,-404273.5347115968,0.8551282732380594,,4.223112709652811,0.2947238967917639,4.805654251947447,0.9938716287096176,240797.22054809902,53034655059468.164,13850787.499999996,345.3366972270114,0.9204186943792461,0.014353245223381824,4.188497031704837,0.15638070520408695,5.113417936324134,0.9987205269234417
222_2e,emotional,3,56534.581011,56.534581011,173.921362271,230.455943282,4748,per_prompt,2.2100488725972114,124257.92631336882,12.0,-0.003141605843520115,0.9992315358538167,0.0,0.017688288868815155,0.043665663691454484,2.89379575549645,0.9109731377112769,20397036.544266585,6.099491380758687e+18,2253415484.600002,-769609.2918189503,0.7501714392520196,,3.97986499548341,0.5580819529510775,3.9201286501125243,0.9962783924494978,27220003.717047844,2.7571316825284045e+18,1302236513.1000009,-410504.28741172346,0.8417477071418548,,3.97986499548341,0.293018683276293,4.434581228867449,0.9939564019847579,247005.70369776522,50028264977363.08,12327842.200000003,271.9039319280724,0.9167879835828552,0.04583281100975346,4.45744879494142,0.15890320059666632,5.067357900736006,0.9994839536905432
222_2e,emotional,4,56766.258185,56.766258185,230.455996953,287.222255138,4760,per_prompt,2.119597847427896,1496.3581784447338,12.0,9.37157343729067e-05,0.9710289077136662,0.0,0.19377708434033541,0.008466452837370424,2.833463745262105,0.9055210597714137,20598815.07441528,6.554660989502053e+18,2429763983.100001,-781202.9491240002,0.7568714156217161,,4.069318771147044,0.5541445152112167,3.9165449957155545,0.9958535050994846,27128636.01586731,2.999671414839536e+18,1351747137.4000008,-423534.79361392057,0.8428902222651274,,4.0164704754178615,0.2898706773368604,4.347724261298918,0.995015464919905,248345.8026411884,50492656164531.37,12497348.800000003,193.5652875829601,0.9218858611989645,0.03548616273016518,4.3335602497929555,0.15682296529701553,5.292212176386286,0.9991129171156908
222_2e,emotional,5,55503.556319,55.503556319,287.222309546,342.725865865,4685,per_prompt,2.186297358157203,5032.143889368382,12.0,0.0005128263703142178,0.9930461942370628,0.0,0.09008431768341299,0.011195893842170438,2.805752899143048,0.9116811062764315,20838756.42294302,6.046645955584785e+18,2256523101.2,-792243.0960237395,0.7376594038007681,,3.6934570250199323,0.5497831279954584,3.6646568478603077,0.9940141268361723,27461691.595364727,2.7067988586040054e+18,1230010684.6000001,-430721.21241661266,0.8284467711094342,,3.6394064344098846,0.29492429811105686,4.424656705513156,0.994472252203151,258045.850039368,48912750382878.266,11891684.4,-79.59245263645408,0.9265047882429269,0.02529415897093849,4.612317065390745,0.1651238650047666,5.208081216312838,0.9994321912167039
222_2e,emotional,6,55638.050774,55.638050774,342.725922891,398.363973665,4699,per_prompt,2.158514731815154,427.5023620778893,12.0,0.00032102604797158295,0.915534336730159,0.0,0.2875729788771985,0.008601365515506026,2.881449933638059,0.903535799563187,20620470.21578013,5.963453098568004e+18,2201818937.5999975,-773136.196497194,0.751851135868748,,3.84628859248253,0.5462005754582535,3.7796316246639763,0.9945745389644179,27503154.054899625,2.668716534099148e+18,1263096794.2000003,-414791.8423899638,0.8437773038081512,,3.864261903662355,0.2891039189812752,4.205359362606897,0.9945667584376022,253054.0756594575,50237414164140.516,12076046.4,-0.8830010766515601,0.9256370476203848,0.07709756087670952,4.1877815048992035,0.1594124172710599,5.326788525968736,0.9990688344299683
222_2e,emotional,7,55162.93509,55.16293509,398.364026249,453.526961339,4674,per_prompt,2.1778288236930528,228.19329612360852,12.0,0.0004932081662594501,0.8775108586084981,0.0,0.23566548768280923,0.005013241011339007,2.822006475037017,0.8972572734773483,20390239.010755606,5.913848295413804e+18,2199628022.3999987,-760990.4685308889,0.7475700885125833,,4.078825748356314,0.545722781620588,3.880910937943698,0.9945806086828072,27732182.757384047,2.65986711040421e+18,1167291253.1999998,-403437.1130927596,0.8418318390881347,,4.115081977230592,0.2782248009203397,4.454701533607417,0.9937971476367906,253472.17681636428,53851558390029.39,11399343.7,-45.90672300673508,0.9202331129528493,0.020681291078772316,3.6437510018649735,0.1513397103988063,5.101520023264699,0.9989564480838832
222_2e,emotional,8,59020.582031,59.020582031,453.527016081,512.547598112,4818,per_prompt,2.0129295839651657,377.7816964753912,13.0,0.0013614001846168513,0.883724868583332,0.0,0.28803511275220756,0.0067278244720902726,2.9353999153266237,0.8981197137428975,20744953.036740836,7.234385653046901e+18,2312563527.8000007,-816014.6854521718,0.7682487414183131,,3.8969456431181024,0.5673077831389458,3.857156117111714,0.9957888079203081,26893967.702278186,3.317749061360165e+18,1280463606.4000008,-435799.9961274941,0.8540608773771369,,3.947775368897904,0.30376470205287565,4.486895891334035,0.9947858294049198,235659.41621301096,53372896266222.95,14364061.400000002,335.809264363223,0.9248986003050864,0.10562560299011238,3.7952861915584997,0.15347877293768566,5.162342584653136,0.9983593936028823
222_2e,emotional,9,57740.26184,57.74026184,512.547653838,570.287915678,4749,per_prompt,2.214548390357871,193005.2059833286,14.0,-0.007272214178497578,0.9655806744161655,0.0,0.017318937741762064,0.06999776038784813,2.872684098049855,0.9004423257015955,20810240.485198867,6.807228365543025e+18,2421003668.3999963,-806806.5114779645,0.754026135144178,,3.8621231164129406,0.5552297634206631,3.7496628603014224,0.9950904161592572,27270263.01829324,3.100107530271073e+18,1371798715.3999994,-429063.03319177526,0.8415452649789944,,4.0179935560888,0.3023969488109039,4.366891314672027,0.9939092625648698,244183.30290159278,54106048582995.75,12889395.6,268.35240161507596,0.9254837105988832,0.029003755411683613,3.8448041786711786,0.15222840481039693,5.1152808155963845,0.9993536311163735
222_2e,emotional,10,55334.451053,55.334451053,570.287969578,625.622420631,4667,per_prompt,2.557918802660623,1327970.0884895462,12.0,-0.018672876633094294,0.9843715842211548,0.0,0.018071924108223066,0.15451457221922818,2.8100683550703702,0.911368696543051,20544507.46242851,5.845372461121333e+18,2122748381.2000008,-767257.3816487886,0.7480938122835397,,3.849319835051513,0.5453495285540612,3.7293472221565884,0.994688326426657,27658970.45505317,2.6096424261660856e+18,1160420699.800001,-408063.9853787467,0.8428096726714435,,3.9216075314844057,0.28507649328329665,4.47626130166414,0.9942499456195467,255797.26770528685,53871477420879.77,11749621.600000001,35.50312622349124,0.92520212981204,0.06372838957995808,3.885463683267959,0.1532146181029966,5.3093577749610255,0.9990617373244454
222_2e,emotional,11,55829.62526,55.82962526,625.622471689,681.452096949,4643,per_prompt,2.1423637606411945,269.3130607680503,12.0,0.0005942872654045651,0.8847910743530581,0.0,0.08955818665654429,0.0019735764049577105,2.7861412325289243,0.9041437645055208,21011331.571995154,6.414602644248026e+18,2265773309.0000014,-815600.0941899018,0.7393118817739079,,3.5106809169365363,0.5643970763649976,3.9037459077241423,0.9943297934581382,27917320.351145074,2.9116911446320486e+18,1157079564.0000014,-445511.8982800687,0.8303656584583675,,3.546504191599154,0.2985247620791232,4.365479294659256,0.9923098967338184,257272.35058069063,50437530751722.83,11638597.200000001,-49.47066904082528,0.9215914508893499,0.03590937356606342,4.352527871508053,0.16334237132550636,5.14465438511226,0.9986704790576434
222_2e,emotional,12,54545.603675,54.545603675,681.452154873,735.997758548,4596,per_prompt,2.200787789162782,296.6477439813776,12.0,0.0011812230505408338,0.885990104069456,0.0,0.4766653634437019,0.010900476510687505,2.8509481375130252,0.9020608165792078,20804395.631971627,5.691928183622325e+18,2362038083.0,-770687.0665562401,0.7457225796989668,,4.30832155420269,0.5442680040808515,3.7430275454442135,0.9947258566654926,28184329.713700823,2.533016890124453e+18,1201950141.5,-403455.78256439266,0.8436550248815351,,4.418321253458929,0.28243392328121536,4.2645101666977565,0.9954201719802083,264835.30723072926,57453718054230.41,11969688.5,-39.667087885854556,0.9146433209871113,0.0442421963336603,3.4649905265715257,0.15611726686911953,5.066587497864374,0.9992192678916151
222_2e,emotional,13,54976.116074,54.976116074,735.997827652,790.973943726,4640,per_prompt,2.1864432003639,301.30251744950976,12.0,7.110868062658486e-05,0.8940049581099475,0.0,0.5093120794912268,0.013839831605520872,2.7877291925853145,0.9167209281419885,20766243.457312815,5.780908974493827e+18,2242108701.7999997,-773535.606598146,0.7410250712449921,,3.8562200304335748,0.5450799434894213,3.7589719432977122,0.9945030556013511,27862403.252074417,2.5555113664674294e+18,1159511744.3,-408657.2066176606,0.8380329697894139,,3.9289788989323213,0.28185048220850895,4.262968181505227,0.9919157360016094,258888.72096712264,50698707174436.8,11528613.100000003,84.79936236223206,0.9244092478106573,0.04636172748997589,3.7652714448101414,0.15063510810167266,4.997962695557852,0.9981669931402839
222_2e,emotional,14,54160.587898,54.160587898,790.97399479,845.134582688,4644,per_prompt,2.207343720435242,291.69737347377986,12.0,0.0006742776642016842,0.8904899527548384,0.0,0.3877358207327633,0.009101306748079503,2.777743376404099,0.9159379003948428,20303946.67175125,5.321623025803217e+18,2003236119.399997,-732560.1691558631,0.7512766877047558,,4.154312364993893,0.5417370191269676,3.756117577913758,0.9934814589883453,27688932.625525624,2.3891406751706537e+18,1137138082.6999998,-381030.2002893358,0.8502317866412699,,4.191239586016061,0.27700729208078406,4.280715004996685,0.9941249935486913,260971.08655145954,53881292042660.0,11550701.899999999,41.11648494979554,0.9161815628520573,0.04634181043404716,3.7850401547722132,0.151833835704886,5.114824914058539,0.9978517150389308
222_2e,emotional,15,56209.422824,56.209422824,845.134635403,901.344058227,4690,per_prompt,2.123497242530628,322.4622099719845,12.0,0.0011489696762261256,0.8862469434421555,0.0,0.2846497828326464,0.005578768169403055,2.8187171583847697,0.8999176363980195,20749490.780055083,6.19543000247002e+18,2272312911.3000007,-784716.5275949235,0.7518313917360506,,4.020678182511131,0.5617263713683417,3.843232435509861,0.9932039159132808,27581996.82261556,2.746374562780963e+18,1269949464.1000009,-412488.2484354149,0.8452268311796041,,4.020678182511131,0.29385648923774466,4.441299729263087,0.994905962390691,253150.14215711204,56489470661349.85,12635925.000000004,206.28916357073572,0.9192518994859511,0.03262328245859363,3.949515736802969,0.15594165646916078,5.184983407582316,0.9979204703074792
222_2e,emotional,16,56988.112018,56.988112018,901.344112301,958.332224319,4734,per_prompt,2.0830729199260505,342.61059553543237,14.0,0.0011351815247494072,0.8825347319011725,0.0,0.21057023254621482,0.0037261444014413453,2.8729725825260584,0.9124785070210597,20700831.52434718,6.61814838288218e+18,2384216602.0999975,-787878.0404080069,0.7639431110451563,,4.193857131545445,0.5543744152529697,3.7652962033106334,0.9947776302193533,27238737.341873277,2.983355977187178e+18,1287115115.1999998,-418570.5040960698,0.8498670791656305,,4.141214573408892,0.2934878015192409,4.2836691737664125,0.9928978229178292,246812.8329673554,53604787968595.57,13299568.100000001,312.92167035547135,0.9123295741432663,0.020549868825825948,3.9306443408626768,0.15169716417212636,5.0057807744013285,0.9987133070518821
222_2e,emotional,17,53697.299358,53.697299358,958.332278944,1012.029578302,4561,per_prompt,2.244172999764999,211.91536934036475,12.0,0.00021505515030243976,0.8910586441785162,0.0,0.27934365749001583,0.0053890995364137195,2.766285806652565,0.8924825711833165,20502933.283381104,5.551401211753512e+18,2019798179.0,-760376.0669140096,0.7402964590736625,,3.5569759053728682,0.5499177853330587,3.6883810755367534,0.9938778565064834,28361693.41384965,2.46888551143301e+18,1094144477.0,-405133.86429919273,0.8359018540508668,,3.687336278868209,0.27485316775655066,4.3333147607100875,0.9934474954355267,266685.80514247314,55552061749759.35,11433021.0,-308.4884598646733,0.9255435115607874,0.02563539150666571,3.538352994873534,0.14958720238591833,5.162134496614661,0.9990321953179213
222_2e,emotional,18,53122.696064,53.122696064,1012.029626006,1065.15232207,4579,per_prompt,2.2645248106444082,198.96838903379734,12.0,-1.6115615510732203e-05,0.886259974329561,0.0,0.18824345789890667,0.003304026737200981,2.6982725309605424,0.8998691634067472,20216491.732779797,4.836253285794063e+18,1931437351.9999983,-719826.8366318261,0.7330386133131759,,3.7272204663983524,0.5383931180094077,3.585303067713319,0.9943433534609174,28143962.26784876,2.0805197434279194e+18,1097977117.0,-373817.92384601204,0.8370862535300632,,3.8401665411376964,0.27079722702283915,4.281117440854719,0.9927516923268672,266804.4491400122,48687171610591.43,11475220.600000001,-218.1997946966077,0.9246238147137648,0.05718310356338245,4.461369952204088,0.1631790765465811,5.0884745761027546,0.9991025992554797
222_2e,emotional,19,58263.982051,58.263982051,1065.1523748,1123.416356851,4773,per_prompt,2.054575172737377,288.6029515353284,12.0,0.0008424136219496947,0.9034609555543694,0.12760378290755703,0.29177545717900727,0.005945411427021256,2.867622521596159,0.895252287172667,20968650.903775543,6.761209645499846e+18,2465170781.4,-814032.8865356639,0.753648686833136,,3.60428505927009,0.5605571746491468,3.766314936846384,0.9950277615014266,27116038.646989487,3.011367282237023e+18,1386056492.6000001,-428143.3733381681,0.8421400182748767,,3.707264632392093,0.3028486961020054,4.309114914148514,0.9932277762732795,243193.1504584446,52294215762172.7,13222502.000000004,306.40246127855625,0.928288752973771,0.08424296317288844,4.136346187067104,0.15403341515668806,5.184763934135913,0.9991516721791058
