run_label,condition,prompt_index,elapsed_ms,dur_s,t_start_s,t_end_s,n_samples,mode,tlb:tlb_flush__mean_rate,tlb:tlb_flush__variance,tlb:tlb_flush__p90_p10,tlb:tlb_flush__slope,tlb:tlb_flush__spectral_entropy,tlb:tlb_flush__iat_cv,tlb:tlb_flush__burst_rate,tlb:tlb_flush__burst_clustering,tlb:tlb_flush__perm_entropy,instructions__mean_rate,instructions__variance,instructions__p90_p10,instructions__slope,instructions__spectral_entropy,instructions__iat_cv,instructions__burst_rate,instructions__burst_clustering,instructions__perm_entropy,cycles__mean_rate,cycles__variance,cycles__p90_p10,cycles__slope,cycles__spectral_entropy,cycles__iat_cv,cycles__burst_rate,cycles__burst_clustering,cycles__perm_entropy,core_power.throttle__mean_rate,core_power.throttle__variance,core_power.throttle__p90_p10,core_power.throttle__slope,core_power.throttle__spectral_entropy,core_power.throttle__iat_cv,core_power.throttle__burst_rate,core_power.throttle__burst_clustering,core_power.throttle__perm_entropy
234_N_1,joy,0,62502.48539,62.50248539,-1.970541876,60.531943514,5072,per_prompt,12.475566985091787,70694773.67401323,12.0,-0.5659884376053119,0.9300623543255746,0.07807964749880918,0.3679853666055951,0.8227801275982879,0.8820359423318621,18271013.01713277,6.258729021615148e+18,2166979448.300004,-720469.0304249712,0.7573434341787055,,3.5998568472286476,0.5576655556492892,0.997448410410127,24790251.73654647,3.0114211000047713e+18,1548055918.4,-418976.55833673733,0.8289688887636082,,3.6158562109941084,0.30210522929170297,0.9958688309413797,222070.15108614764,40394912388119.24,17885368.400000002,1663.914945903265,0.7129894386813359,0.2723937672409374,7.887686336372104,0.24110453835557286,0.999480153979521
234_N_1,joy,1,58434.324067,58.434324067,60.532027896,118.966351963,4978,per_prompt,2.0555848888035384,1598.017920320174,12.0,0.0016804238701338414,0.9328222564076558,0.031683658008058516,0.787208558231238,0.022900252700517276,0.8793859995578681,19757722.62269172,6.348991188093858e+18,2139805620.2000017,-726781.021276642,0.7666046245796483,,3.8333634139955937,0.5528511023689779,0.9981120535849856,25616049.152664762,2.8634005255520113e+18,1128806850.1000004,-375904.3584528371,0.853083295711289,,3.8162501844688275,0.30217076555387984,0.9970231242963321,242990.11133468774,36724568140892.766,15469385.099999998,1352.8824310406137,0.8055679584560534,0.1782348950326579,7.70095328704472,0.2137979127954342,0.9982955709343346
234_N_1,joy,2,57503.619287,57.503619287,118.966412867,176.470032154,4958,per_prompt,2.27446967027276,161403.14864787555,14.0,-0.010496884186960341,0.9400895032343999,0.0,0.05217062920904212,0.0935018150751475,0.8760994737844613,19403040.916265514,5.913416362523145e+18,2075997780.2000005,-695364.3253376487,0.7721786591535985,,4.051918868568938,0.5431095078192286,0.9968064032748752,25718181.022743706,2.6709053047526774e+18,1187804117.9,-357402.78357148124,0.8601004662183949,,4.017138449096243,0.2858465460016897,0.9932064164747157,244153.78532972228,35572882464765.53,15069577.700000001,1259.4326327257972,0.8186262661482858,0.12339308190725357,7.321278299002244,0.2152791649061756,0.9997915638559073
234_N_1,joy,3,57246.461416,57.246461416,176.470082619,233.716544035,4930,per_prompt,2.079067715853808,379.41959208180094,12.0,0.0017835892839403193,0.873941204111065,0.0,0.5065815298042979,0.010351674009185961,0.8580468134074686,19691234.2416861,6.2279827889195e+18,2043076609.0,-716499.1053750385,0.7721177260563328,,3.877968952294971,0.5430203818932314,0.9962935407161467,25894240.015352096,2.835931415123405e+18,1196297324.2,-380600.03303668235,0.8578151503881503,,3.9653105953646772,0.28928457202499,0.9947537735304324,249901.6226598253,37672814180147.39,15212024.2,1156.0245320009658,0.833017567691421,0.1555871007851248,7.249356374785644,0.21357885747761435,0.9995265032562068
234_N_1,joy,4,57111.198822,57.111198822,233.716596588,290.82779541,4972,per_prompt,2.363105266957686,608584.1677640207,14.0,-0.011884003385558107,0.955834665564592,0.0,0.017509700735169765,0.12379511788024201,0.870956989525206,19886681.35199559,6.137125349865808e+18,1951051210.900001,-706044.6008718595,0.7735684521484573,,4.149799074235235,0.5436681214260405,0.994923561953543,25541861.151031725,2.8395135578146534e+18,1207456351.9000013,-372446.51445552654,0.8546115972496625,,4.114779672764895,0.2983486733359888,0.9952484196319424,254026.499358169,40125835217280.016,16985211.7,1412.3940783528963,0.8090488352396918,0.14243041514980992,7.634229520534017,0.20252059058091876,0.9995276712613836
234_N_1,joy,5,55503.58001,55.50358001,290.82788386,346.33146387,4840,per_prompt,2.157820009368979,360.05737640452315,12.0,0.00146111047220303,0.8782965556210891,0.0,0.7206742338565054,0.015789991219157074,0.8551846314593017,20551413.46700129,5.847863669988811e+18,2285312818.800002,-734294.6557437764,0.7579834884470825,,4.179910556367732,0.5455174933396353,0.9969648114163644,26108427.042879514,2.6217478659640924e+18,1245322016.5000062,-388650.93900009245,0.8448104568964553,,4.071809421289256,0.2943276892366295,0.9970052632343149,268245.8761375619,38141603747311.586,14611135.099999998,1248.9085662114826,0.8336947851242098,0.18136089994741247,7.4229446087220055,0.1993056691035168,0.999584773645913
234_N_1,joy,6,56428.140159,56.428140159,346.331511218,402.759651377,4923,per_prompt,2.1062526467530027,402.29846594070426,12.0,0.00215238420583988,0.8761676642408854,0.0,0.6734228683228929,0.013821379984549862,0.8608771360235952,20566915.231269524,6.366529797177909e+18,2153341190.4,-735275.2144031521,0.772893915112166,,4.182310445373756,0.5454827580652115,0.9950448162354915,25703815.74034227,2.8874592782583404e+18,1187440236.3999999,-389225.4554247046,0.8523201103882494,,4.093702173226006,0.3037128402071327,0.9949040106972931,261161.59892966526,39322064613998.305,15889017.600000003,1329.844675244014,0.8185490118997761,0.16487420862206753,7.797527949001918,0.2060910097641893,0.9995259281040663
234_N_1,joy,7,55575.756104,55.575756104,402.759701495,458.335457599,4868,per_prompt,2.139084984903724,425.5667498264011,12.0,0.0017415192566755486,0.8850349500187035,0.0,0.34187569062389234,0.008271788828333166,0.8774521376363169,20191544.258504126,5.920089542038759e+18,2021183722.4000008,-718252.2897447895,0.7658769496802872,,4.1205017448879655,0.5373258493264096,0.9956696862852653,25941610.024941836,2.6786004886089324e+18,1146717462.600002,-384075.01012889744,0.8471963483092163,,4.048527915282936,0.29424960078170537,0.994628708669303,267906.0877198134,38978800566759.625,14062125.499999996,1152.9642569888802,0.858775926326394,0.1266945517520478,7.701199767738206,0.20049960981859283,0.9992616063116435
234_N_1,joy,8,56235.636036,56.235636036,458.33550938,514.571145416,4904,per_prompt,2.261110293991864,312365.88419714395,12.0,-0.007323595428958774,0.9995722224728332,0.0,0.01778231865928993,0.06590460062094271,0.8602806201953501,20265559.40172893,6.329255800351063e+18,2152841372.4999995,-721902.5926445213,0.7763002738475276,,4.089933291636684,0.5491817819160244,0.9954570137283619,25765135.1201311,2.872550390619636e+18,1240051668.7999997,-387103.35184739163,0.8535145555629647,,4.1077156102959735,0.29667708938081416,0.9941260633758439,264756.6561018584,37076147019329.44,14323563.7,1179.5367119777943,0.8286201464135694,0.1307270568018725,7.859784847406149,0.21060053620770666,0.9996471103496961
234_N_1,joy,9,56965.061814,56.965061814,514.571215515,571.536277329,4939,per_prompt,2.0788558190195214,401.1058762180088,12.0,0.002218158986021387,0.8672321379575676,0.0,0.24576467670152327,0.005517305052086984,0.8635501443993319,20430947.91350629,6.433854731975804e+18,2141293414.5999982,-734288.4663258009,0.7752725083885649,,4.072671785339529,0.5432670198678403,0.993958201226948,25644565.736578915,2.9145229129474734e+18,1221613737.5999997,-388937.4816547809,0.85467536402276,,4.020007926046345,0.29984425949636173,0.9939797168707509,260041.946101657,38575156448052.24,16002052.599999998,1367.0564610423842,0.8099212048713077,0.13735909706838625,7.6889234568048,0.2031830563655793,0.9992548863614457
234_N_1,joy,10,57628.140635,57.628140635,571.536328983,629.164469618,4909,per_prompt,2.060403407910108,347.3058293376286,13.199999999999989,0.0018738113625558735,0.8670043453017934,0.0,0.2949947684009639,0.0056683954357750555,0.8630369878546222,20734127.297808316,6.780335727737505e+18,2245476139.799997,-770085.3270560572,0.7662397617466411,,3.9911056901306874,0.5589746185238837,0.9945599279326464,25757171.18083758,3.0902009175946066e+18,1266847737.7999997,-417582.0390811302,0.845618102108359,,3.9043425229539337,0.31385638112492686,0.9952962346629544,261490.51444878336,38870481922124.05,15050021.8,1310.0863553946226,0.8241036331057234,0.14703249798662316,7.635158711554359,0.19996389634365452,0.9994341582266375
234_N_1,joy,11,55240.347146,55.240347146,629.164522524,684.40486967,4822,per_prompt,2.164280001392953,304.71823375559245,12.0,0.0012075794363508206,0.8707799692788591,0.0,0.30774607471363413,0.006355627175856943,0.8581074150978815,20535992.26281823,5.896694644641039e+18,2121553766.2000084,-736198.9210043295,0.7523098897305872,,3.9463908404454258,0.5487546721741592,0.9955026069075705,26251478.588267747,2.679784789658513e+18,1239104919.900001,-400517.4632335063,0.8345240674518818,,3.928288130168153,0.29818240018150227,0.9964446258012244,272901.2161151356,37301345048642.89,13658813.100000005,1089.573056732882,0.8540845340907015,0.13031743038354415,7.729857288395398,0.20030905426780093,0.9995005585342114
234_N_1,joy,12,54355.305168,54.355305168,684.404921238,738.760226406,4780,per_prompt,2.1973889868673084,299.45169443371935,12.0,0.0014210221543989787,0.8706769582379534,0.0,0.45993670576828943,0.009334024612819264,0.871987283424111,20493004.524532475,5.774589294711391e+18,1981214709.5000005,-732000.3416893855,0.7514848439469047,,4.029045542530215,0.5455828356487843,0.9955601908130701,26277153.36452134,2.629300742466459e+18,1099797021.6000001,-402874.305275631,0.834240551733015,,3.9922506060687524,0.2965632901494408,0.9954732240797958,279859.15127385966,37696799265498.82,13232791.0,911.0341908544078,0.8677642828155976,0.08846837781576139,7.708539188676531,0.20390891375379672,0.9995219217600668
234_N_1,joy,13,54731.820008,54.731820008,738.760276763,793.492096771,4828,per_prompt,2.1818861462462755,303.7188750227636,12.0,0.0012195534743324858,0.8656923890491943,0.0,0.43850177093493303,0.009804822800332319,0.8767093636857743,20470945.531111404,5.903117479955951e+18,2084916480.8000002,-721725.9335729037,0.7603450879374524,,3.964786845536686,0.5417005544923195,0.9953618173343697,25939692.993458282,2.634708314994858e+18,1153122657.7000008,-385357.46160248044,0.8408541703053523,,4.001328659781264,0.2946557596165633,0.9946125636771873,275998.2139483631,36106344600779.72,13151185.9,1055.3913916875886,0.8582228523517019,0.13091034419999908,7.618968269994461,0.19823602549618644,0.9993278895309876
234_N_1,joy,14,58816.901792,58.816901792,793.492151129,852.309052921,4998,per_prompt,2.001987467760975,445.6876871220772,14.0,0.002914658676101405,0.8580329249090145,0.0,0.13601532478353223,0.0033728789943553127,0.8698831496929742,20864252.22808691,7.528721939568594e+18,2294514912.2000003,-773810.3114056216,0.781858406483636,,4.012452081114201,0.5547145841094673,0.9955908142824625,25232799.48043189,3.4659330273624044e+18,1237068214.3000002,-415478.03733071446,0.8520061947254122,,3.9444444187224352,0.32311426774602814,0.9963426401403535,256269.1876148134,41310152178363.516,17193770.7,1618.3386951451012,0.767675000865381,0.13534079290363238,7.344827538310741,0.206578491127096,0.9986838735103599
234_N_1,joy,15,57462.454976,57.462454976,852.309095557,909.771550533,4927,per_prompt,2.062122502823874,399.5561525515729,12.0,0.002369488327933206,0.8568428594131429,0.0,0.313248015726407,0.00597955202176002,0.8639294145511257,20775974.8324528,6.946207201163459e+18,2222429399.200003,-761735.143961879,0.7745522302782888,,4.107029539524003,0.5495845081054311,0.995170594617154,25467455.700985238,3.162114466296334e+18,1215753209.8000002,-409447.43774945894,0.8492269426247008,,4.002613534281867,0.31656224225616464,0.9951177629259599,261914.84893602488,39337386818829.805,15658610.000000004,1426.692352024506,0.7996033100670404,0.13380191517499518,7.691979052837327,0.19756896198322985,0.999471328392419
234_N_1,joy,16,58118.525354,58.118525354,909.771612153,967.890137507,4976,per_prompt,2.0211531209930778,495.65957694420655,14.0,0.0031516468102477002,0.8514295513052799,0.0,0.20647461247352694,0.0037792144913800035,0.8689844994498477,20741932.647523195,7.110925232261939e+18,2242264028.0,-753163.4136592279,0.7794050910976027,,4.129492249470538,0.5533835258599309,0.9938093492659325,25225516.307497058,3.2556966599774833e+18,1208239584.0,-397439.3588391452,0.8523189880527959,,4.026254943233775,0.31623562520640114,0.9938442581140687,255802.32477262532,42520221900565.445,17866955.5,1619.6716440831628,0.7864383220867384,0.19357604177357432,7.278230089691824,0.19913916755320768,0.997962694954226
234_N_1,joy,17,53022.920029,53.022920029,967.890190877,1020.913110906,4718,per_prompt,2.251839576677058,285.14214039879744,12.0,0.0013639393655394101,0.8520441278515494,0.0,0.18859768557692913,0.0037527182354768563,0.8601454749293048,20292780.545572028,5.243231619168278e+18,2008149111.8000016,-703051.7843206532,0.7535172884851554,,4.07371000846167,0.5349008534357511,0.9954868407575505,26569872.920958463,2.302265694957527e+18,1139865883.4,-375399.85196218506,0.8409228917537843,,4.149149082692441,0.28235945660478967,0.9956465931442777,285220.55273485533,36574745909971.25,12899789.799999999,796.1709180187426,0.8832139633457569,0.11626244108723348,7.600486728750244,0.19913866603700714,0.9993757142931321
234_N_1,joy,18,58033.29416,58.03329416,1020.91316124,1078.9464554,4954,per_prompt,2.037113861072273,446.5239839880423,12.0,0.0027711379312362183,0.8568380628429388,0.0,0.22400934133014241,0.004743334061851164,0.8692294536302289,20855683.474978942,6.998516675553184e+18,2325283971.799999,-763053.3144609937,0.7756427763683582,,4.1355570707103215,0.5529323646284867,0.9948737355945638,25521489.829569653,3.1671153207688115e+18,1286430489.9999995,-405946.2869043702,0.8518082422553753,,3.963242192764058,0.3139914480386831,0.9939251484980838,257601.23956936464,41657070291283.9,16967033.2,1512.6299420750945,0.7984355960197802,0.1985735933754101,7.375076776100073,0.200228799193326,0.99931272673227
234_N_1,joy,19,55712.463891,55.712463891,1078.946507593,1134.658971484,4838,per_prompt,2.141406239173944,321.1411569031365,12.0,0.001983767812183645,0.8721557487624401,0.1183728805536657,0.2153916585609585,0.004362530059529997,0.8653418342270005,20683200.375376053,6.235535415286744e+18,2175512218.8000045,-735304.3676386108,0.7658356372201314,,4.128340122418371,0.5402559054193069,0.9952064950162145,26078533.146622844,2.78896768158805e+18,1206260490.9000003,-387225.0952376629,0.8452173805234144,,4.128340122418371,0.29932633490582505,0.9949057697515754,269722.9199186707,38514665805133.125,14667861.499999998,1295.2348298561494,0.8231811251739674,0.1539854296956836,7.861795537474984,0.20643173187559535,0.9986744278143377
