run_label,condition,n_prompts,total_ms,dur_s,mode,tlb:tlb_flush__mean_rate,tlb:tlb_flush__variance,tlb:tlb_flush__p90_p10,tlb:tlb_flush__slope,tlb:tlb_flush__spectral_entropy,tlb:tlb_flush__iat_cv,tlb:tlb_flush__burst_rate,tlb:tlb_flush__burst_clustering,tlb:tlb_flush__lz_complexity,tlb:tlb_flush__perm_entropy,instructions__mean_rate,instructions__variance,instructions__p90_p10,instructions__slope,instructions__spectral_entropy,instructions__iat_cv,instructions__burst_rate,instructions__burst_clustering,instructions__lz_complexity,instructions__perm_entropy,cycles__mean_rate,cycles__variance,cycles__p90_p10,cycles__slope,cycles__spectral_entropy,cycles__iat_cv,cycles__burst_rate,cycles__burst_clustering,cycles__lz_complexity,cycles__perm_entropy,core_power.throttle__mean_rate,core_power.throttle__variance,core_power.throttle__p90_p10,core_power.throttle__slope,core_power.throttle__spectral_entropy,core_power.throttle__iat_cv,core_power.throttle__burst_rate,core_power.throttle__burst_clustering,core_power.throttle__lz_complexity,core_power.throttle__perm_entropy
229_2n,neutral,20,1156875.193234,1156.8751932339999,whole_trace,0.13497266537210548,3468934.100961444,12.0,-0.0022386544517156047,0.9486627630368082,0.017059766938492087,0.04062668149069159,0.23270644211666114,3.8482279755888325,0.9010211284871718,1017729.0086849207,6.646508919064589e+18,2254461095.8000035,-1638.9466885848224,0.7413747294500852,,3.9381949121615083,0.5613837753905797,5.368623922477632,0.9960483365689251,1359016.8702907464,3.0125580127921393e+18,1229265603.4000008,-1285.9354259071831,0.8405460317903191,,3.8534839592660237,0.2923502371653715,6.084509280605239,0.9950238684322356,11847.092551273408,31797139936020.246,12864055.2,9.084628774248552,0.873355425411358,0.093506589830952,7.012856743276188,0.18260732042427993,6.942711271226003,0.9996498489642587
231_1n,neutral,20,1158583.568006,1158.583568006,whole_trace,0.139410256301172,3948112.3451474323,12.0,-0.002584995898185811,0.9329869260224339,0.03818422471570066,0.043156144606861076,0.2589530650335931,3.6605058030815067,0.9036546622654679,1004099.6471365046,6.642787955637026e+18,2218389618.6000037,-1607.966999233193,0.7494178848685923,,3.915988561626574,0.5613580121115855,5.905046397577732,0.9975670002376817,1343524.454702344,3.038391084232426e+18,1216803182.8000026,-1481.7316891757214,0.8464775170143688,,3.817592551922931,0.29157715787841915,6.009724676611263,0.996372093396731,11433.653334530283,30367218133335.08,12385506.600000001,9.111114755030744,0.8940412647679038,0.09577530158275226,7.142341932435508,0.18758414685258767,6.983658193082592,0.999694944171365
231_1e,emotional,20,1116337.117031,1116.3371170310002,whole_trace,0.13984301378635475,3577917.5346194496,12.0,-0.0022316385958954955,0.952219782981028,0.04074821888333124,0.037623043576390985,0.23459614311353444,3.7399407412723913,0.9119110409029377,1017894.1379064246,6.137019526098885e+18,2142818628.7999988,-2154.418505386889,0.7509446638386272,,3.989834192601082,0.555202378296474,5.6081825388168545,0.9965865676664235,1355794.777139798,2.8097963559681623e+18,1192953412.8999996,-1797.2784166250851,0.844117018037531,,3.8904018631491915,0.29084190481933586,5.9881229043796536,0.9951079863553178,12334.297892855018,32035767652407.492,12388093.599999998,11.151861469858371,0.9023690918022887,0.08254340807129143,7.370533393965357,0.1926842788966073,6.953358118803069,0.9994578188081842
232_1n,neutral,20,1138448.634673,1138.448634673,whole_trace,0.13635496942351505,4181876.649932859,12.0,-0.00198121630933067,0.9522684492814764,0.029254496184220748,0.05182491172906255,0.22205053503415273,3.973009681518588,0.9190655124943429,1026048.1214861171,6.544221911641552e+18,2197667462.600002,-1589.2145663706765,0.7477552710230498,,4.0098427464944155,0.5591433964226696,5.498382969408755,0.9958167390708446,1329867.6232435284,3.0008170640418903e+18,1241165693.6000037,-1731.9026257450907,0.8398450441609525,,3.9070713113706814,0.30167995734973874,6.007865848495727,0.9952272080030912,12864.787012769077,53158868749033.945,14206162.200000003,16.921607173795874,0.9309056873884128,0.06743768948013372,4.727486015691773,0.15357003289153967,6.864692353734211,0.9993073483792665
232_1e,emotional,20,1405529.245375,1405.5292453749998,whole_trace,0.13656381823810296,9017169.396667274,13.0,-0.004461281084062909,0.9401512006499037,0.01825521964045518,0.044111497646893996,0.3759241152387182,3.6740911081702166,0.9157599161670774,806130.2847853666,6.037917373709779e+18,2122991014.1999998,-2125.742475833405,0.7486530099629621,,3.1418769936884496,0.5533073068140988,5.579060456203291,0.9966934762542965,1074012.5609850255,2.7280866825876234e+18,1212023179.2000003,-1722.9059266270883,0.8426739454692385,,3.100611399115549,0.28945569961355405,6.100039403692517,0.9951862512484821,10274.650539822205,53861255568721.82,12755970.800000003,8.585743040147936,0.9396383564098866,0.05209165433785412,3.296978711221077,0.14799252465122034,6.991151309573329,0.9993706815705553
235_1n,neutral,20,1140771.743761,1140.771743761,whole_trace,0.14245023482536967,4253046.975509619,14.0,-0.0026074626778362377,0.9459761007909763,0.030968095656698377,0.05347257269792611,0.2659974820679542,3.704195635683789,0.9089287466278837,1024158.1071606129,6.605750538562385e+18,2244185653.400015,-1692.1697590259037,0.7469620306912925,,4.028851542945383,0.5594485371158848,5.575857566274694,0.9963258533535707,1339373.585942219,3.03956986382202e+18,1234226827.0000012,-1567.1012971537318,0.8407000504473303,,3.9394383885980315,0.2979893881257643,6.150307758957424,0.9955285864995747,12124.424039109721,34569709757549.766,13365321.6,11.429913503068594,0.8929017870521323,0.09916445392025049,7.057502996573821,0.18349622720889183,6.9721713600293835,0.9993509485558063
235_1e,emotional,20,1116857.302191,1116.857302191,whole_trace,0.13238345201339655,3430913.3607700774,12.0,-0.001697550438350145,0.9533207549914905,0.036893262046598964,0.03133793362082926,0.19216986516179901,3.6087202680898773,0.9116588566958016,1012187.8515410667,6.083630996135677e+18,2115698805.8000007,-2150.439566456237,0.7485638467412652,,3.9790222003132922,0.5552137652648561,5.701519950618853,0.9964261959673368,1343245.8778576623,2.7860021106944456e+18,1204234474.2000003,-1609.6176182166364,0.8415453883224144,,3.9082880072834203,0.2925030945189541,6.149018468726208,0.9956859986365895,12432.116752295888,32218706305138.688,12656105.800000008,8.877593162971682,0.8916921882350975,0.09314463573107923,7.506778156486643,0.1915632610131362,6.961604205374051,0.999419649255846
237_1n,neutral,20,1156220.238264,1156.220238264,whole_trace,0.12214824052036911,1569060.818617637,12.0,-0.0012752008116512776,0.9524179570277358,0.02720640749620672,0.0441092434747325,0.1567483508829971,3.749131470644364,0.9109357937541231,1007185.8980941678,6.572020392795034e+18,2238939443.200004,-1580.3088658921117,0.7529721504628165,,3.9594532672024587,0.5600487334159719,5.766387394862918,0.9969264527740547,1343324.7568427324,2.9936254398106435e+18,1244113895.4000003,-2073.146570526516,0.8484756345498062,,3.8522072634599716,0.29201460665090356,5.508096855917366,0.9960152752320101,11189.996200814683,31320535906696.207,13577782.6,17.375543680382584,0.8619975046748343,0.10685175953757686,7.252943446649152,0.18894700023075456,6.606513151815763,0.9997820174139441
237_1e,emotional,20,1095265.856373,1095.265856373,whole_trace,0.16905765729257594,5348329.508079943,12.0,-0.004066171272200101,0.9202337707143867,0.03170193548422547,0.0748676675374005,0.35493576119045733,3.485594407816114,0.9134186558570417,1040010.9071883108,6.127806444645241e+18,2126427653.6000063,-2157.2020490672853,0.7510705709813771,,4.082113921459971,0.5532533239156884,5.356335916618659,0.995317574133663,1348692.9453236323,2.804458669782061e+18,1206902116.800003,-1459.7001487106368,0.8380632017195885,,4.00724625392257,0.2983762504690491,6.0094842300272155,0.9955074675731225,12935.840016845264,33056077961981.074,12799858.2,8.164205994495056,0.890423387863885,0.08168949759065232,7.558895360269984,0.18018678664587023,7.003759606857907,0.9992769570016896
