feature,left,right,pair,direction,intra_left,intra_right,intra_avg,inter,ratio
mean_rate,neutral,emotional,N–E,↑E,65311225.27726745,55485784.90158265,60398505.08942505,68066913.65806109,1.1269635491355674
mean_rate,neutral,joy,N–J,↑J,65311225.27726745,23262175.522159345,38029863.97589417,118795740.01102723,3.1237487487814257
mean_rate,emotional,joy,E–J,↑J,55485784.90158265,23262175.522159345,34579154.78665181,79461731.66774125,2.297966279338179
variance,neutral,emotional,N–E,↑E,9235179764093.486,9270380765490.004,9252780264791.744,8958594846963.432,0.9682057274236011
variance,neutral,joy,N–J,↑J,9235179764093.486,6976121924545.426,7769506378360.826,9643901638492.193,1.2412502376408137
variance,emotional,joy,E–J,↑J,9270380765490.004,6976121924545.426,7781869022104.52,9726683274143.809,1.2499160865487473
spectral_entropy,neutral,emotional,N–E,↑E,0.028132693072667997,0.021736702030900088,0.02493469755178404,0.026344010339433517,1.0565201476666253
spectral_entropy,neutral,joy,N–J,↑N,0.028132693072667997,0.043029596372712656,0.03779778190504448,0.04788998480703764,1.267005162560776
spectral_entropy,emotional,joy,E–J,↑E,0.021736702030900088,0.043029596372712656,0.03555150039314817,0.055107229081295686,1.5500676053581268
slope,neutral,emotional,N–E,↑N,6.75701127202027,5.149549347567027,5.953280309793648,5.800967191069817,0.9744152617048347
slope,neutral,joy,N–J,↑N,6.75701127202027,4.3433761606425305,5.191048380904584,5.4835119382355035,1.0563399791084118
slope,emotional,joy,E–J,↑E,5.149549347567027,4.3433761606425305,4.6265053760134265,4.734720659528744,1.0233902859113426
