pair,feature,x,total,mean_acc,std_acc,mean_ari,std_ari
E–N,core_power.throttle__variance,22,176.0,0.540625,0.026545403467416614,0.0038606638068887297,0.011283737518799523
E–N,core_power.throttle__variance,24,192.0,0.5296875000000001,0.025467631621661768,0.0010072538202035614,0.010063510336932938
E–N,core_power.throttle__variance,26,208.0,0.5302884615384615,0.022961449877422224,0.0010661266281234995,0.006869362632324884
E–N,core_power.throttle__variance,28,224.0,0.5294642857142858,0.01968339971879339,0.0006209596791593937,0.00598393839712712
E–N,core_power.throttle__variance,30,240.0,0.5254166666666669,0.019089518648258846,-4.498969843318751e-05,0.005665175860228849
E–N,core_power.throttle__variance,32,256.0,0.523046875,0.012284519682434675,-0.0011186297641082431,0.0019920814359011487
E–N,core_power.throttle__variance,34,272.0,0.5204044117647058,0.016746111656824627,-0.0008372341035816518,0.0038772032844407106
E–N,core_power.throttle__variance,36,288.0,0.5249999999999998,0.016455549459823318,0.00016187861618914678,0.003597731093066387
E–N,core_power.throttle__variance,38,304.0,0.5273026315789474,0.01101359805446264,0.0002272558480570101,0.002675874821080059
E–N,core_power.throttle__variance,40,320.0,0.5281249999999998,1.1102230246251565e-16,8.35253495136675e-05,1.3552527156068805e-20
E–N,core_power.throttle__spectral_entropy,22,176.0,0.5471590909090909,0.027373157887377056,0.006289435348028153,0.011242921111442261
E–N,core_power.throttle__spectral_entropy,24,192.0,0.5333333333333334,0.023081791464750347,0.0014066360781935894,0.008782169055249806
E–N,core_power.throttle__spectral_entropy,26,208.0,0.5360576923076923,0.020425620948315397,0.002096319787827928,0.007737344953630395
E–N,core_power.throttle__spectral_entropy,28,224.0,0.5337053571428572,0.022871568759608725,0.0022021878496279795,0.007734169001198885
E–N,core_power.throttle__spectral_entropy,30,240.0,0.5252083333333333,0.02249517695220713,0.0004123066351664834,0.006956086600905465
E–N,core_power.throttle__spectral_entropy,32,256.0,0.51953125,0.01330420809838,-0.0016506102177080348,0.0025714394548682178
E–N,core_power.throttle__spectral_entropy,34,272.0,0.5198529411764706,0.01686374256055842,-0.0009466692732259514,0.004033195782544448
E–N,core_power.throttle__spectral_entropy,36,288.0,0.5208333333333333,0.01866622229960502,-0.0003211320510600691,0.005060706420539711
E–N,core_power.throttle__spectral_entropy,38,304.0,0.5179276315789474,0.01155888475711454,-0.0014574378625293082,0.0022801426097916293
E–N,core_power.throttle__spectral_entropy,40,320.0,0.5124999999999998,1.1102230246251565e-16,-0.0024935523859734112,4.336808689942018e-19
